date,1-year-treasury-rate-yield-chart_monthly_value,10-year-treasury-bond-rate-yield-chart_monthly_value,30-year-fixed-mortgage-rate-chart_monthly_value,30-year-treasury-bond-rate-yield-chart_monthly_value,5-year-treasury-bond-rate-yield-chart_monthly_value,capacity-utilization-rate-historical-chart_monthly_value,debt-to-gdp-ratio-historical-chart_monthly_value,fed-funds-rate-historical-chart_monthly_value,historical-inflation-rate-by-year_monthly_expanded_value,industrial-production-historical-chart_monthly_value,national-debt-growth-by-year_monthly_expanded_value,retail-sales-historical-chart_monthly_value,united-states-economic-growth-rate_quarterly_expanded_value,us-national-unemployment-rate_monthly_value
1992/1/1,4.150952381,7.032380952,8.68,7.581904762,6.242857143,79.43,60.997,4.034193548,2.9,61.647,9.87,118651,4.79,7.3
1992/2/1,4.287368421,7.337894737,8.83,7.854736842,6.577894737,79.836,60.997,4.057586207,2.9,62.079,9.87,118480,4.79,7.4
1992/3/1,4.634545455,7.542272727,8.98,7.969545455,6.945454545,80.339,60.997,3.983225806,2.9,62.596,9.87,117700,4.79,7.4
1992/4/1,4.299047619,7.48047619,8.85,7.962380952,6.784285714,80.782,61.579,3.734666667,2.9,63.073,9.87,118156,4.34,7.4
1992/5/1,4.1895,7.392,8.6,7.891,6.6925,80.869,61.579,3.823225806,2.9,63.276,9.87,118548,4.34,7.6
1992/6/1,4.165909091,7.261818182,8.43,7.841818182,6.482727273,80.735,61.579,3.762666667,2.9,63.31,9.87,118542,4.34,7.8
1992/7/1,3.595909091,6.844545455,8.05,7.598181818,5.836818182,81.279,61.898,3.253548387,2.9,63.877,9.87,119044,3.95,7.7
1992/8/1,3.471904762,6.585714286,8.01,7.39047619,5.596190476,80.654,61.898,3.303225806,2.9,63.522,9.87,119176,3.95,7.6
1992/9/1,3.184285714,6.415238095,8.02,7.340952381,5.38,80.738,61.898,3.219666667,2.9,63.722,9.87,120057,3.95,7.6
1992/10/1,3.302380952,6.589047619,8.21,7.531904762,5.60047619,81.126,62.523,3.099032258,2.9,64.156,9.87,120413,4.17,7.3
1992/11/1,3.682105263,6.873157895,8.29,7.606842105,6.037894737,81.297,62.523,3.087666667,2.9,64.414,9.87,120340,4.17,7.4
1992/12/1,3.711363636,6.77,8.14,7.436363636,6.075909091,81.28,62.523,2.919677419,2.9,64.516,9.87,121648,4.17,7.4
1993/1/1,3.496315789,6.6,7.86,7.341578947,5.833684211,81.463,62.867,3.024193548,2.75,64.774,8.59,122625,0.67,7.3
1993/2/1,3.385789474,6.258947368,7.53,7.089473684,5.428947368,81.716,62.867,3.027142857,2.75,65.081,8.59,121414,0.67,7.1
1993/3/1,3.333043478,5.975217391,7.5,6.82173913,5.194782609,81.511,62.867,3.074193548,2.75,65.018,8.59,120241,0.67,7
1993/4/1,3.244285714,5.96952381,7.43,6.854285714,5.132857143,81.624,63.915,2.957666667,2.75,65.204,8.59,122913,2.33,7.1
1993/5/1,3.3635,6.0355,7.5,6.919,5.198,81.181,63.915,2.996129032,2.75,64.943,8.59,123735,2.33,7.1
1993/6/1,3.536363636,5.962727273,7.34,6.807272727,5.216818182,81.256,63.915,3.038,2.75,65.098,8.59,123463,2.33,7
1993/7/1,3.474761905,5.805238095,7.25,6.625714286,5.090952381,81.332,64.101,3.055483871,2.75,65.255,8.59,125082,1.91,6.9
1993/8/1,3.443636364,5.677727273,6.97,6.323181818,5.025,81.13,64.101,3.032258065,2.75,65.195,8.59,124798,1.91,6.8
1993/9/1,3.356190476,5.36,6.95,5.997142857,4.734761905,81.411,64.101,3.086333333,2.75,65.528,8.59,125361,1.91,6.7
1993/10/1,3.392,5.334,6.86,5.939,4.707,81.869,64.669,2.992580645,2.75,66.015,8.59,125607,5.44,6.8
1993/11/1,3.579,5.724,7.31,6.21,5.063,82.1,64.669,3.018,2.75,66.329,8.59,126539,5.44,6.6
1993/12/1,3.607272727,5.774090909,7.13,6.251818182,5.146818182,82.392,64.669,2.95516129,2.75,66.704,8.59,127409,5.44,6.5
1994/1/1,3.5425,5.7505,6.97,6.291,5.087,82.472,64.307,3.050645161,2.67,66.916,5.83,126550,3.88,6.6
1994/2/1,3.865789474,5.973157895,7.32,6.490526316,5.395263158,82.336,64.307,3.245,2.67,66.964,5.83,128203,3.88,6.6
1994/3/1,4.319130435,6.482608696,7.8,6.906521739,5.941304348,82.947,64.307,3.335806452,2.67,67.634,5.83,130237,3.88,6.5
1994/4/1,4.815789474,6.972105263,8.32,7.268947368,6.524210526,83.213,64.107,3.555,2.67,68.033,5.83,130190,5.42,6.4
1994/5/1,5.314285714,7.183333333,8.53,7.412380952,6.78,83.366,64.107,4.010967742,2.67,68.353,5.83,129443,5.42,6.1
1994/6/1,5.267272727,7.101363636,8.46,7.395,6.695454545,83.661,64.107,4.245666667,2.67,68.8,5.83,130581,5.42,6.1
1994/7/1,5.4765,7.298,8.57,7.579,6.9095,83.507,64.012,4.256129032,2.67,68.886,5.83,130555,2.34,6.1
1994/8/1,5.562173913,7.236086957,8.56,7.486086957,6.877826087,83.792,64.012,4.474516129,2.67,69.341,5.83,131653,2.34,6
1994/9/1,5.762857143,7.457142857,8.82,7.712380952,7.083333333,83.782,64.012,4.733666667,2.67,69.557,5.83,132461,2.34,5.9
1994/10/1,6.1145,7.744,9.03,7.935,7.403,84.18,64.386,4.76,2.67,70.119,5.83,133582,4.58,5.8
1994/11/1,6.54,7.955,9.25,8.0815,7.7175,84.466,64.386,5.294666667,2.67,70.594,5.83,133332,4.58,5.6
1994/12/1,7.136190476,7.813809524,9.18,7.871428571,7.776190476,84.999,64.386,5.453225806,2.67,71.281,5.83,133712,4.58,5.5
1995/1/1,7.0505,7.7795,9.13,7.8465,7.756,84.887,64.663,5.527419355,2.54,71.43,3.93,133936,1.42,5.6
1995/2/1,6.696842105,7.469473684,8.73,7.611578947,7.365789474,84.481,64.663,5.915357143,2.54,71.334,3.93,131477,1.42,5.4
1995/3/1,6.43173913,7.204782609,8.38,7.447826087,7.047391304,84.317,64.663,5.976451613,2.54,71.445,3.93,132438,1.42,5.4
1995/4/1,6.265789474,7.062631579,8.26,7.360526316,6.86,83.884,65.313,6.047333333,2.54,71.329,3.93,132432,1.19,5.8
1995/5/1,5.997727273,6.632727273,7.85,6.95,6.414545455,83.971,65.313,6.009032258,2.54,71.66,3.93,133456,1.19,5.6
1995/6/1,5.642272727,6.168181818,7.53,6.573181818,5.928636364,83.938,65.313,6.001333333,2.54,71.897,3.93,134843,1.19,5.6
1995/7/1,5.594,6.278,7.79,6.721,6.0085,83.267,64.739,5.851935484,2.54,71.592,3.93,134286,3.4,5.7
1995/8/1,5.752608696,6.48826087,7.88,6.860434783,6.243913043,84.034,64.739,5.73516129,2.54,72.534,3.93,135069,3.4,5.7
1995/9/1,5.62,6.1975,7.62,6.549,6.0015,84.034,64.739,5.804666667,2.54,72.825,3.93,135210,3.4,5.6
1995/10/1,5.59047619,6.044761905,7.45,6.374761905,5.862857143,83.558,64.183,5.756129032,2.54,72.713,3.93,134317,2.72,5.5
1995/11/1,5.432857143,5.93047619,7.35,6.262857143,5.694285714,83.404,64.183,5.803,2.54,72.888,3.93,135761,2.72,5.6
1995/12/1,5.307,5.7115,7.11,6.0625,5.5135,83.33,64.183,5.601935484,2.54,73.143,3.93,136712,2.72,5.6
1996/1/1,5.087619048,5.652380952,7,6.051904762,5.362380952,82.51,65.042,5.56483871,3.32,72.747,6.71,134906,3,5.6
1996/2/1,4.942,5.8055,7.32,6.242,5.3795,83.315,65.042,5.224482759,3.32,73.787,6.71,136779,3,5.5
1996/3/1,5.342380952,6.268571429,7.69,6.604285714,5.966190476,82.808,65.042,5.314193548,3.32,73.675,6.71,137550,3,5.5
1996/4/1,5.537727273,6.511363636,7.92,6.794090909,6.300909091,83.254,64.25,5.223666667,3.32,74.415,6.71,137525,6.67,5.6
1996/5/1,5.636818182,6.736818182,8.03,6.927727273,6.483181818,83.487,64.25,5.23516129,3.32,74.972,6.71,138299,6.67,5.6
1996/6/1,5.81,6.912,8.29,7.059,6.6895,83.719,64.25,5.273333333,3.32,75.532,6.71,137886,6.67,5.3
1996/7/1,5.850909091,6.865454545,8.19,7.033181818,6.635909091,83.333,64.255,5.396451613,3.32,75.532,6.71,137791,3.59,5.5
1996/8/1,5.666818182,6.635454545,8.09,6.841818182,6.389090909,83.366,64.255,5.222903226,3.32,75.913,6.71,137632,3.59,5.1
1996/9/1,5.833,6.832,8.16,7.026,6.597,83.515,64.255,5.299,3.32,76.403,6.71,139034,3.59,5.2
1996/10/1,5.55,6.533636364,7.86,6.808636364,6.270454545,83.112,64.447,5.238064516,3.32,76.393,6.71,139735,4.15,5.2
1996/11/1,5.423157895,6.203684211,7.52,6.481578947,5.973157895,83.446,64.447,5.311,3.32,77.067,6.71,139233,4.15,5.4
1996/12/1,5.471904762,6.302380952,7.64,6.552380952,6.068095238,83.569,64.447,5.294516129,3.32,77.554,6.71,139529,4.15,5.4
1997/1/1,5.612380952,6.579047619,7.88,6.826666667,6.333333333,83.32,64.344,5.254516129,1.7,77.695,3.37,140201,2.58,5.3
1997/2/1,5.525263158,6.419473684,7.65,6.687894737,6.198947368,83.89,64.344,5.185714286,1.7,78.612,3.37,141153,2.58,5.2
1997/3/1,5.7955,6.6945,7.97,6.9325,6.537,83.99,64.344,5.386129032,1.7,79.102,3.37,141528,2.58,5.2
1997/4/1,5.988181818,6.885454545,8.08,7.092727273,6.759090909,83.633,63.109,5.507333333,1.7,79.168,3.37,140472,6.65,5.1
1997/5/1,5.86952381,6.710952381,7.94,6.935714286,6.567619048,83.657,63.109,5.504193548,1.7,79.608,3.37,139418,6.65,4.9
1997/6/1,5.691904762,6.493809524,7.58,6.772380952,6.375238095,83.59,63.109,5.555666667,1.7,79.98,3.37,141109,6.65,5
1997/7/1,5.541818182,6.220454545,7.43,6.51,6.120909091,83.816,62.487,5.521290323,1.7,80.649,3.37,142583,5,4.9
1997/8/1,5.564761905,6.298571429,7.58,6.578571429,6.16,84.158,62.487,5.542258065,1.7,81.455,3.37,142605,5,4.8
1997/9/1,5.523809524,6.208571429,7.28,6.495238095,6.106190476,84.427,62.487,5.540666667,1.7,82.212,3.37,142873,5,4.9
1997/10/1,5.456363636,6.029545455,7.21,6.326363636,5.928181818,84.634,62.77,5.496129032,1.7,82.931,3.37,142313,3.44,4.7
1997/11/1,5.457222222,5.875,7.17,6.109444444,5.803888889,84.763,62.77,5.521666667,1.7,83.592,3.37,142511,3.44,4.6
1997/12/1,5.525,5.808636364,6.99,5.99,5.773181818,84.594,62.77,5.50483871,1.7,83.97,3.37,142881,3.44,4.7
1998/1/1,5.2445,5.5445,7.12,5.811,5.416,84.419,62.51,5.557419355,1.61,84.347,2.03,142955,4,4.6
1998/2/1,5.308421053,5.574736842,7.09,5.891052632,5.492631579,84.008,62.51,5.505714286,1.61,84.487,2.03,143015,4,4.6
1998/3/1,5.389545455,5.647272727,7.08,5.948181818,5.611818182,83.496,62.51,5.493548387,1.61,84.521,2.03,143878,4,4.7
1998/4/1,5.379047619,5.637619048,7.15,5.923809524,5.611904762,83.263,61.852,5.445333333,1.61,84.828,2.03,145491,3.7,4.3
1998/5/1,5.44,5.6525,7.07,5.9265,5.628,83.264,61.852,5.488709677,1.61,85.36,2.03,145803,3.7,4.4
1998/6/1,5.408636364,5.496363636,6.96,5.703636364,5.524090909,82.267,61.852,5.558666667,1.61,84.847,2.03,146788,3.7,4.5
1998/7/1,5.358181818,5.461363636,6.97,5.676818182,5.461363636,81.478,60.587,5.535806452,1.61,84.506,2.03,145472,5.01,4.5
1998/8/1,5.205238095,5.341904762,6.92,5.54047619,5.274761905,82.713,60.587,5.546774194,1.61,86.246,2.03,144663,5.01,4.5
1998/9/1,4.710952381,4.806666667,6.64,5.204761905,4.623809524,82.219,60.587,5.511666667,1.61,86.171,2.03,145902,5.01,4.6
1998/10/1,4.121428571,4.53,6.83,5.01047619,4.184285714,82.383,60.407,5.070967742,1.61,86.767,2.03,147986,6.46,4.5
1998/11/1,4.525263158,4.827368421,6.78,5.248421053,4.537368421,81.922,60.407,4.826,1.61,86.693,2.03,148867,6.46,4.4
1998/12/1,4.518636364,4.645,6.83,5.059090909,4.45,81.896,60.407,4.683548387,1.61,87.063,2.03,149957,6.46,4.4
1999/1/1,4.514210526,4.722105263,6.74,5.157894737,4.600526316,81.875,60.049,4.632580645,2.68,87.425,2.88,149889,3.79,4.3
1999/2/1,4.702631579,4.998947368,6.89,5.365263158,4.914736842,81.992,60.049,4.764642857,2.68,87.926,2.88,151500,3.79,4.4
1999/3/1,4.781304348,5.232608696,6.98,5.580434783,5.140434783,81.826,60.049,4.809354839,2.68,88.11,2.88,152104,3.79,4.2
1999/4/1,4.69,5.184545455,6.93,5.547727273,5.079545455,81.689,59.192,4.736333333,2.68,88.311,2.88,152186,3.08,4.3
1999/5/1,4.849,5.5395,7.23,5.8055,5.437,81.872,59.192,4.742258065,2.68,88.849,2.88,153455,3.08,4.2
1999/6/1,5.096818182,5.899545455,7.63,6.041818182,5.809090909,81.519,59.192,4.764666667,2.68,88.798,2.88,153885,3.08,4.3
1999/7/1,5.031904762,5.791904762,7.7,5.983333333,5.678571429,81.693,58.393,4.994193548,2.68,89.312,2.88,154443,5.24,4.3
1999/8/1,5.197727273,5.939090909,7.8,6.068636364,5.841363636,81.761,58.393,5.072258065,2.68,89.711,2.88,155733,5.24,4.2
1999/9/1,5.251428571,5.915238095,7.76,6.071428571,5.801904762,81.125,58.393,5.224333333,2.68,89.333,2.88,155731,5.24,4.2
1999/10/1,5.429,6.112,7.96,6.2635,6.0335,81.886,58.343,5.2,2.68,90.492,2.88,155751,6.8,4.1
1999/11/1,5.5535,6.034,7.75,6.145,5.969,82.025,58.343,5.42,2.68,90.965,2.88,157343,6.8,4.1
1999/12/1,5.842272727,6.275454545,8.06,6.351363636,6.186363636,82.384,58.343,5.295806452,2.68,91.68,2.88,159871,6.8,4
2000/1/1,6.1215,6.661,8.25,6.6255,6.5795,82.053,57.721,5.448387097,3.39,91.626,-1.97,158325,1.45,4
2000/2/1,6.218,6.5195,8.31,6.232,6.678,82.073,57.721,5.734827586,3.39,91.963,-1.97,160012,1.45,4.1
2000/3/1,6.222173913,6.256521739,8.23,6.053478261,6.503913043,82.105,57.721,5.853548387,3.39,92.312,-1.97,160931,1.45,4
2000/4/1,6.150526316,5.990526316,8.13,5.846315789,6.262631579,82.339,55.485,6.019666667,3.39,92.887,-1.97,158599,7.32,3.8
2000/5/1,6.326363636,6.440454545,8.62,6.148636364,6.687727273,82.306,55.485,6.268064516,3.39,93.162,-1.97,158525,7.32,4
2000/6/1,6.172727273,6.097272727,8.22,5.926363636,6.300909091,82.08,55.485,6.528333333,3.39,93.217,-1.97,158782,7.32,4
2000/7/1,6.0825,6.054,8.13,5.851,6.179,81.655,54.992,6.544516129,3.39,93.04,-1.97,157863,0.53,4
2000/8/1,6.183043478,5.826086957,7.99,5.716086957,6.060869565,81.17,54.992,6.496774194,3.39,92.79,-1.97,158030,0.53,4.1
2000/9/1,6.1255,5.799,7.88,5.8265,5.9345,81.223,54.992,6.517,3.39,93.155,-1.97,159878,0.53,3.9
2000/10/1,6.012380952,5.738571429,7.68,5.803333333,5.782857143,80.682,54.258,6.509354839,3.39,92.836,-1.97,159245,2.49,3.9
2000/11/1,6.091904762,5.717142857,7.73,5.775714286,5.697619048,80.423,54.258,6.514333333,3.39,92.84,-1.97,158455,2.49,3.9
2000/12/1,5.6025,5.2405,7.13,5.4905,5.168,79.899,54.258,6.402258065,3.39,92.533,-1.97,157956,2.49,3.9
2001/1/1,4.814761905,5.160952381,7.15,5.540952381,4.858571429,79.21,55.144,5.975806452,1.55,92.03,4.97,158789,-1.14,4.2
2001/2/1,4.684210526,5.098947368,7.12,5.454736842,4.886315789,78.428,55.144,5.494285714,1.55,91.408,4.97,158394,-1.14,4.2
2001/3/1,4.298636364,4.885454545,6.91,5.339545455,4.642727273,77.988,55.144,5.310967742,1.55,91.175,4.97,156985,-1.14,4.3
2001/4/1,3.9765,5.141,7.12,5.646,4.7635,77.501,54.032,4.802,1.55,90.877,4.97,159188,2.34,4.4
2001/5/1,3.781363636,5.391363636,7.2,5.78,4.927727273,76.852,54.032,4.212258065,1.55,90.375,4.97,158768,2.34,4.3
2001/6/1,3.576190476,5.284285714,7.11,5.66952381,4.807142857,76.209,54.032,3.969666667,1.55,89.863,4.97,157795,2.34,4.5
2001/7/1,3.617142857,5.236190476,7.03,5.613333333,4.761904762,75.563,54.798,3.769032258,1.55,89.329,4.97,157556,-1.66,4.6
2001/8/1,3.470434783,4.971304348,6.92,5.483478261,4.573913043,75.289,54.798,3.652580645,1.55,89.22,4.97,158632,-1.66,4.9
2001/9/1,2.824705882,4.731764706,6.72,5.482941176,4.115294118,74.72,54.798,3.069,1.55,88.748,4.97,155016,-1.66,5
2001/10/1,2.330454545,4.566818182,6.64,5.315454545,3.91,74.331,55.752,2.48516129,1.55,88.476,4.97,165845,1.09,5.3
2001/11/1,2.182,4.6515,7.02,5.118,3.9725,73.754,55.752,2.087,1.55,87.963,4.97,161753,1.09,5.5
2001/12/1,2.2155,5.0875,7.16,5.48,4.3895,73.595,55.752,1.817741935,1.55,87.933,4.97,159924,1.09,5.7
2002/1/1,2.158571429,5.035714286,6.96,5.445238095,4.34,73.986,55.697,1.729677419,2.38,88.545,7.78,159543,3.5,5.7
2002/2/1,2.232631579,4.911578947,6.81,5.400909091,4.298421053,73.874,55.697,1.739642857,2.38,88.536,7.78,160143,3.5,5.7
2002/3/1,2.567,5.284,7.18,,4.738,74.346,55.697,1.73,2.38,89.21,7.78,159250,3.5,5.7
2002/4/1,2.475909091,5.210909091,6.88,,4.646818182,74.631,56.271,1.753,2.38,89.639,7.78,161089,2.42,5.9
2002/5/1,2.354090909,5.164545455,6.76,,4.494545455,74.897,56.271,1.751290323,2.38,90.027,7.78,158747,2.42,5.8
2002/6/1,2.1965,4.9265,6.55,,4.186,75.469,56.271,1.750333333,2.38,90.765,7.78,160007,2.42,5.8
2002/7/1,1.960909091,4.653181818,6.34,,3.807272727,75.426,56.703,1.729032258,2.38,90.744,7.78,161325,1.78,5.8
2002/8/1,1.757272727,4.257272727,6.22,,3.294545455,75.318,56.703,1.743225806,2.38,90.627,7.78,162133,1.78,5.7
2002/9/1,1.715,3.87,5.99,,2.938,75.399,56.703,1.750666667,2.38,90.724,7.78,159519,1.78,5.7
2002/10/1,1.65,3.940909091,6.31,,2.945,75.212,57.91,1.75483871,2.38,90.488,7.78,159810,0.62,5.7
2002/11/1,1.491578947,4.048421053,6.13,,3.054736842,75.643,57.91,1.336,2.38,90.982,7.78,160597,0.62,5.9
2002/12/1,1.45,4.032380952,5.93,,3.033333333,75.262,57.91,1.238387097,2.38,90.492,7.78,161687,0.62,6
2003/1/1,1.364285714,4.048571429,5.9,,3.052380952,75.915,57.819,1.23516129,1.88,91.24,9.25,161691,2.22,5.8
2003/2/1,1.296315789,3.902631579,5.79,,2.897894737,76.026,57.819,1.262142857,1.88,91.338,9.25,158588,2.22,5.9
2003/3/1,1.24,3.807142857,5.91,,2.783809524,75.83,57.819,1.252903226,1.88,91.069,9.25,161134,2.22,5.9
2003/4/1,1.267142857,3.958571429,5.79,,2.928571429,75.38,58.961,1.258,1.88,90.491,9.25,161354,3.44,6
2003/5/1,1.181428571,3.569047619,5.31,,2.515714286,75.393,58.961,1.259032258,1.88,90.47,9.25,162061,3.44,6.1
2003/6/1,1.00952381,3.334285714,5.24,,2.265714286,75.521,58.961,1.222666667,1.88,90.59,9.25,163641,3.44,6.3
2003/7/1,1.116363636,3.975454545,5.94,,2.872272727,75.935,58.645,1.011290323,1.88,91.061,9.25,164805,6.79,6.2
2003/8/1,1.308571429,4.445238095,6.32,,3.37,75.771,58.645,1.029032258,1.88,90.845,9.25,166834,6.79,6.1
2003/9/1,1.237619048,4.274285714,5.98,,3.184761905,76.285,58.645,1.01,1.88,91.445,9.25,165280,6.79,6.1
2003/10/1,1.254090909,4.290454545,5.94,,3.185909091,76.394,59.445,1.01,1.88,91.56,9.25,164851,4.59,6
2003/11/1,1.336666667,4.3,5.89,,3.287222222,76.922,59.445,0.996,1.88,92.176,9.25,166771,4.59,5.8
2003/12/1,1.305909091,4.267727273,5.85,,3.268636364,76.998,59.445,0.984193548,1.88,92.253,9.25,165718,4.59,5.7
2004/1/1,1.2395,4.1505,5.68,,3.1215,77.139,59.807,0.997096774,3.26,92.407,8.55,165998,2.13,5.7
2004/2/1,1.243684211,4.084210526,5.58,,3.067894737,77.621,59.807,1.007241379,3.26,92.969,8.55,166788,2.13,5.6
2004/3/1,1.187391304,3.826521739,5.4,,2.786956522,77.328,59.807,1.001612903,3.26,92.6,8.55,169381,2.13,5.8
2004/4/1,1.433809524,4.347619048,6.01,,3.38952381,77.657,60.055,1.004,3.26,92.976,8.55,167296,3.05,5.6
2004/5/1,1.7775,4.7155,6.32,,3.8505,78.228,60.055,1.004516129,3.26,93.645,8.55,169481,3.05,5.6
2004/6/1,2.115238095,4.733809524,6.25,,3.929047619,77.642,60.055,1.025666667,3.26,92.93,8.55,166733,3.05,5.6
2004/7/1,2.095238095,4.498095238,6.08,,3.688571429,78.216,59.966,1.263548387,3.26,93.611,8.55,168455,3.78,5.5
2004/8/1,2.015909091,4.281363636,5.82,,3.474545455,78.287,59.966,1.429354839,3.26,93.696,8.55,168592,3.78,5.4
2004/9/1,2.116666667,4.125714286,5.72,,3.355238095,78.362,59.966,1.605,3.26,93.796,8.55,171006,3.78,5.4
2004/10/1,2.228,4.097,5.64,,3.3475,79.033,60.637,1.760967742,3.26,94.623,8.55,171247,4.01,5.5
2004/11/1,2.5,4.194,5.72,,3.525,79.192,60.637,1.932,3.26,94.849,8.55,171015,4.01,5.4
2004/12/1,2.670454545,4.230909091,5.81,,3.598181818,79.763,60.637,2.156129032,3.26,95.584,8.55,173122,4.01,5.4
2005/1/1,2.8605,4.2215,5.66,,3.707,79.998,60.913,2.279354839,3.42,95.929,7.56,171553,4.43,5.3
2005/2/1,3.029473684,4.165263158,5.69,,3.766315789,80.514,60.913,2.501785714,3.42,96.629,7.56,173090,4.43,5.4
2005/3/1,3.302272727,4.497727273,6.04,,4.165454545,80.319,60.913,2.629032258,3.42,96.491,7.56,172750,4.43,5.2
2005/4/1,3.316666667,4.340952381,5.78,,3.998571429,80.39,60.642,2.785,3.42,96.681,7.56,173765,1.85,5.2
2005/5/1,3.330952381,4.144285714,5.65,,3.852857143,80.387,60.642,3.002580645,3.42,96.793,7.56,172790,1.85,5.1
2005/6/1,3.363181818,3.998181818,5.53,,3.772272727,80.613,60.642,3.035666667,3.42,97.19,7.56,177593,1.85,5
2005/7/1,3.641,4.1775,5.77,,3.979,80.263,60.359,3.262580645,3.42,96.898,7.56,177822,3.57,5
2005/8/1,3.872173913,4.262608696,5.77,,4.122173913,80.42,60.359,3.499677419,3.42,97.222,7.56,175067,3.57,4.9
2005/9/1,3.845238095,4.199047619,5.91,,4.006190476,78.758,60.359,3.623,3.42,95.346,7.56,173016,3.57,5
2005/10/1,4.1755,4.4635,6.15,,4.3285,79.598,61.32,3.779354839,3.42,96.498,7.56,172826,2.53,5
2005/11/1,4.334,4.535,6.28,,4.4525,80.364,61.32,3.999,3.42,97.565,7.56,175328,2.53,5
2005/12/1,4.352857143,4.467142857,6.22,,4.392380952,80.628,61.32,4.157096774,3.42,98.022,7.56,175369,2.53,4.9
2006/1/1,4.445,4.416,6.12,,4.3455,80.665,61.556,4.28516129,2.54,98.204,6.24,179293,5.32,4.7
2006/2/1,4.684736842,4.568947368,6.26,4.536923077,4.572105263,80.58,61.556,4.491428571,2.54,98.24,6.24,177887,5.32,4.8
2006/3/1,4.773478261,4.723913043,6.35,4.734347826,4.716086957,80.655,61.556,4.589354839,2.54,98.474,6.24,178100,5.32,4.7
2006/4/1,4.897368421,4.990526316,6.58,5.062631579,4.902105263,80.782,61.221,4.790333333,2.54,98.777,6.24,178088,0.93,4.7
2006/5/1,4.995,5.11,6.62,5.201363636,4.997727273,80.662,61.221,4.940322581,2.54,98.788,6.24,177200,0.93,4.6
2006/6/1,5.155,5.106363636,6.78,5.154090909,5.067272727,80.782,61.221,4.991,2.54,99.107,6.24,177343,0.93,4.6
2006/7/1,5.2175,5.0875,6.72,5.1345,5.04,80.574,61.333,5.23516129,2.54,99.036,6.24,176937,0.62,4.7
2006/8/1,5.082608696,4.876521739,6.44,4.996086957,4.822173913,80.753,61.333,5.246451613,2.54,99.458,6.24,176983,0.62,4.7
2006/9/1,4.9745,4.719,6.31,4.852,4.6675,80.414,61.333,5.254666667,2.54,99.254,6.24,177002,0.62,4.5
2006/10/1,5.01,4.729047619,6.4,4.854761905,4.686666667,80.148,61.827,5.24516129,2.54,99.151,6.24,177544,3.41,4.4
2006/11/1,5.010952381,4.595238095,6.14,4.685714286,4.582380952,79.916,61.827,5.245666667,2.54,99.097,6.24,177854,3.41,4.5
2006/12/1,4.9415,4.5645,6.18,4.6825,4.533,80.541,61.827,5.238064516,2.54,100.112,6.24,179089,3.41,4.4
2007/1/1,5.057142857,4.75952381,6.25,4.851904762,4.752857143,80.037,62.253,5.248387097,4.08,99.723,6.32,178736,0.94,4.6
2007/2/1,5.053684211,4.722631579,6.22,4.821578947,4.710526316,80.625,62.253,5.258928571,4.08,100.692,6.32,178237,0.94,4.5
2007/3/1,4.920454545,4.564545455,6.16,4.721818182,4.480909091,80.595,62.253,5.256774194,4.08,100.886,6.32,178850,0.94,4.4
2007/4/1,4.932380952,4.693809524,6.16,4.866190476,4.593333333,80.974,61.572,5.249666667,4.08,101.578,6.32,177844,2.29,4.5
2007/5/1,4.909090909,4.746363636,6.42,4.901363636,4.667272727,80.871,61.572,5.253548387,4.08,101.648,6.32,179408,2.29,4.4
2007/6/1,4.962380952,5.102857143,6.67,5.203333333,5.026190476,80.755,61.572,5.254,4.08,101.674,6.32,177651,2.29,4.6
2007/7/1,4.964285714,5.004285714,6.69,5.108095238,4.884761905,80.558,61.848,5.258387097,4.08,101.563,6.32,178039,2.17,4.7
2007/8/1,4.472173913,4.674782609,6.45,4.932173913,4.432173913,80.651,61.848,5.022258065,4.08,101.775,6.32,178824,2.17,4.6
2007/9/1,4.136842105,4.521578947,6.42,4.793157895,4.198947368,80.804,61.848,4.938,4.08,102.028,6.32,178794,2.17,4.7
2007/10/1,4.096818182,4.527727273,6.33,4.773636364,4.198181818,80.546,62.719,4.755483871,4.08,101.729,6.32,179401,2.43,4.7
2007/11/1,3.499,4.1485,6.1,4.52,3.667,81.016,62.719,4.486666667,4.08,102.319,6.32,179696,2.43,4.7
2007/12/1,3.263,4.0975,6.17,4.527,3.4875,81.031,62.719,4.244516129,4.08,102.307,6.32,177019,2.43,5
2008/1/1,2.711428571,3.744285714,5.68,4.33047619,2.98047619,80.961,64.173,3.940322581,0.09,102.169,15.93,176853,-2.3,5
2008/2/1,2.0535,3.7375,6.24,4.517,2.779,80.691,64.173,2.980689655,0.09,101.767,15.93,174826,-2.3,4.9
2008/3/1,1.544,3.51,5.85,4.393,2.4835,80.452,64.173,2.610322581,0.09,101.399,15.93,174630,-2.3,5.1
2008/4/1,1.738181818,3.675,6.03,4.443181818,2.841363636,79.967,63.852,2.278333333,0.09,100.724,15.93,174146,2.07,5
2008/5/1,2.055714286,3.88,6.08,4.596190476,3.153333333,79.54,63.852,1.978387097,0.09,100.14,15.93,174731,2.07,5.4
2008/6/1,2.41952381,4.09952381,6.45,4.689047619,3.485238095,79.376,63.852,2.001,0.09,99.914,15.93,173112,2.07,5.6
2008/7/1,2.281818182,4.007727273,6.52,4.570909091,3.303181818,79.028,67.285,2.009677419,0.09,99.494,15.93,171238,-2.17,5.8
2008/8/1,2.177142857,3.885714286,6.4,4.501904762,3.141904762,77.746,67.285,1.996451613,0.09,97.937,15.93,170234,-2.17,6.1
2008/9/1,1.912857143,3.686190476,6.09,4.269047619,2.884285714,74.285,67.285,1.811666667,0.09,93.659,15.93,167550,-2.17,6.1
2008/10/1,1.420454545,3.814090909,6.46,4.173181818,2.726363636,74.937,73.245,0.969354839,0.09,94.585,15.93,162654,-8.66,6.5
2008/11/1,1.066666667,3.526666667,5.97,4.004444444,2.291666667,73.862,73.245,0.387666667,0.09,93.346,15.93,159205,-8.66,6.8
2008/12/1,0.494545455,2.416363636,5.1,2.87,1.521818182,71.687,73.245,0.15516129,0.09,90.718,15.93,157093,-8.66,7.3
2009/1/1,0.4445,2.5175,5.1,3.128,1.5965,69.811,77.105,0.154193548,2.72,88.468,15.06,158979,-4.49,7.8
2009/2/1,0.622631579,2.87,5.07,3.586842105,1.871578947,69.306,77.105,0.222142857,2.72,87.936,15.06,157766,-4.49,8.3
2009/3/1,0.644090909,2.819545455,4.85,3.643181818,1.815909091,68.139,77.105,0.180645161,2.72,86.55,15.06,155179,-4.49,8.7
2009/4/1,0.547619048,2.927142857,4.78,3.76,1.858095238,67.529,80.28,0.150333333,2.72,85.86,15.06,155777,-0.58,9
2009/5/1,0.5015,3.293,4.91,4.227,2.134,66.804,80.28,0.177419355,2.72,84.999,15.06,156911,-0.58,9.4
2009/6/1,0.513636364,3.721818182,5.42,4.516363636,2.705909091,66.567,80.28,0.206333333,2.72,84.728,15.06,158240,-0.58,9.5
2009/7/1,0.478636364,3.562272727,5.25,4.406818182,2.462727273,67.342,82.427,0.155806452,2.72,85.709,15.06,158582,1.46,9.5
2009/8/1,0.459047619,3.587142857,5.14,4.370952381,2.570952381,68.1,82.427,0.160322581,2.72,86.633,15.06,160908,1.46,9.6
2009/9/1,0.404761905,3.401904762,5.04,4.185714286,2.369047619,68.73,82.427,0.146666667,2.72,87.362,15.06,156817,1.46,9.8
2009/10/1,0.374761905,3.387619048,5.03,4.188571429,2.332857143,68.959,84.029,0.118064516,2.72,87.549,15.06,157801,4.39,10
2009/11/1,0.313157895,3.402631579,4.78,4.314736842,2.230526316,69.348,84.029,0.119,2.72,87.914,15.06,158527,4.39,9.9
2009/12/1,0.371363636,3.59,5.14,4.493636364,2.340454545,69.716,84.029,0.118064516,2.72,88.232,15.06,159226,4.39,9.9
2010/1/1,0.345789474,3.733157895,4.98,4.604736842,2.484210526,70.61,86.512,0.11,1.5,89.194,13.92,159109,1.54,9.8
2010/2/1,0.345789474,3.691052632,5.05,4.619473684,2.363684211,71.002,86.512,0.126428571,1.5,89.509,13.92,159625,1.54,9.8
2010/3/1,0.395652174,3.727391304,4.99,4.644782609,2.433043478,71.657,86.512,0.164516129,1.5,90.145,13.92,163034,1.54,9.9
2010/4/1,0.445,3.846818182,5.06,4.693181818,2.581363636,72.077,88.128,0.198333333,1.5,90.474,13.92,164423,3.69,9.9
2010/5/1,0.371,3.42,4.78,4.286,2.18,73.222,88.128,0.200645161,1.5,91.713,13.92,163033,3.69,9.6
2010/6/1,0.318181818,3.204090909,4.69,4.127727273,1.996363636,73.547,88.128,0.176666667,1.5,91.929,13.92,162876,3.69,9.4
2010/7/1,0.291428571,3.011428571,4.54,3.994285714,1.762857143,73.965,89.565,0.182580645,1.5,92.274,13.92,163068,2.95,9.4
2010/8/1,0.259090909,2.698636364,4.36,3.803181818,1.465454545,74.365,89.565,0.189354839,1.5,92.615,13.92,163640,2.95,9.5
2010/9/1,0.256666667,2.647619048,4.32,3.773333333,1.41047619,74.676,89.565,0.194666667,1.5,92.867,13.92,164767,2.95,9.5
2010/10/1,0.228,2.54,4.23,3.8725,1.1825,74.563,91.611,0.191290323,1.5,92.614,13.92,165990,2.01,9.4
2010/11/1,0.252,2.763,4.4,4.186,1.35,74.686,91.611,0.194333333,1.5,92.677,13.92,167220,2.01,9.8
2010/12/1,0.294090909,3.290909091,4.86,4.417727273,1.934545455,75.462,91.611,0.183225806,1.5,93.574,13.92,167472,2.01,9.3
2011/1/1,0.2735,3.394,4.8,4.523,1.9945,75.338,92.956,0.168387097,2.96,93.379,8.54,168195,-0.96,9.1
2011/2/1,0.286315789,3.576315789,4.95,4.652105263,2.257894737,75.048,92.956,0.156785714,2.96,93.005,8.54,169025,-0.96,9
2011/3/1,0.259130435,3.414347826,4.86,4.513913043,2.113478261,75.825,92.956,0.138709677,2.96,93.978,8.54,169730,-0.96,9
2011/4/1,0.2465,3.455,4.78,4.5015,2.169,75.535,92.194,0.098,2.96,93.653,8.54,169723,2.86,9.1
2011/5/1,0.188095238,3.168571429,4.6,4.293333333,1.842380952,75.596,92.194,0.093870968,2.96,93.788,8.54,169132,2.86,9
2011/6/1,0.180909091,3.002272727,4.51,4.232727273,1.58,75.73,92.194,0.092,2.96,94.038,8.54,170515,2.86,9.1
2011/7/1,0.185,3.003,4.55,4.2705,1.541,76.028,94.521,0.070967742,2.96,94.515,8.54,169904,-0.11,9
2011/8/1,0.114782609,2.303043478,4.22,3.651304348,1.021304348,76.417,94.521,0.095806452,2.96,95.126,8.54,169761,-0.11,9
2011/9/1,0.104761905,1.975238095,4.01,3.182380952,0.90047619,76.26,94.521,0.084,2.96,95.073,8.54,171122,-0.11,9
2011/10/1,0.1145,2.152,4.1,3.128,1.0615,76.66,96.091,0.070645161,2.96,95.729,8.54,172041,4.64,8.8
2011/11/1,0.112,2.0135,3.98,3.0155,0.908,76.54,96.091,0.081,2.96,95.746,8.54,172292,4.64,8.6
2011/12/1,0.115238095,1.978095238,3.95,2.982380952,0.891428571,76.775,96.091,0.071612903,2.96,96.215,8.54,172335,4.64,8.5
2012/1/1,0.115,1.9665,3.98,3.026,0.835,77.102,97.123,0.081935484,1.74,96.805,7.95,173647,3.13,8.3
2012/2/1,0.161,1.9675,3.95,3.109,0.831,77.194,97.123,0.103793103,1.74,97.103,7.95,175354,3.13,8.3
2012/3/1,0.19,2.172727273,3.99,3.281363636,1.017272727,76.647,97.123,0.126774194,1.74,96.597,7.95,175543,3.13,8.2
2012/4/1,0.183333333,2.052857143,3.88,3.184285714,0.894761905,77.06,97.828,0.139333333,1.74,97.301,7.95,174633,1.72,8.2
2012/5/1,0.191818182,1.803181818,3.75,2.930909091,0.761818182,77.08,97.828,0.155806452,1.74,97.505,7.95,174615,1.72,8.2
2012/6/1,0.189047619,1.622380952,3.66,2.698095238,0.711428571,76.932,97.828,0.161666667,1.74,97.49,7.95,173090,1.72,8.2
2012/7/1,0.185714286,1.526666667,3.49,2.59,0.61952381,76.983,98.448,0.156451613,1.74,97.723,7.95,173958,0.54,8.2
2012/8/1,0.183478261,1.67826087,3.59,2.770869565,0.713913043,76.532,98.448,0.132258065,1.74,97.313,7.95,174970,0.54,8.1
2012/9/1,0.175789474,1.723157895,3.4,2.881578947,0.668947368,76.352,98.448,0.144333333,1.74,97.241,7.95,175510,0.54,7.8
2012/10/1,0.17952381,1.746190476,3.41,2.90047619,0.708571429,76.484,100.075,0.158387097,1.74,97.561,7.95,175089,0.46,7.8
2012/11/1,0.1785,1.654,3.32,2.8035,0.665,76.681,100.075,0.160666667,1.74,97.959,7.95,176168,0.46,7.7
2012/12/1,0.1585,1.719,3.35,2.8835,0.696,76.764,100.075,0.164516129,1.74,98.206,7.95,176879,0.46,7.9
2013/1/1,0.145238095,1.914761905,3.53,3.08047619,0.805238095,76.654,100.856,0.142580645,1.5,98.199,4.4,178014,3.54,8
2013/2/1,0.157368421,1.984210526,3.51,3.165263158,0.846315789,76.934,100.856,0.145,1.5,98.684,4.4,179183,3.54,7.7
2013/3/1,0.1475,1.9575,3.57,3.1625,0.8185,77.167,100.856,0.143548387,1.5,99.099,4.4,178282,3.54,7.5
2013/4/1,0.124545455,1.759090909,3.4,2.932727273,0.710454545,76.998,100.232,0.145,1.5,98.99,4.4,177748,0.49,7.6
2013/5/1,0.118636364,1.928181818,3.81,3.112727273,0.840909091,76.99,100.232,0.109032258,1.5,99.078,4.4,178732,0.49,7.5
2013/6/1,0.142,2.3,4.46,3.4,1.2035,77.027,100.232,0.093666667,1.5,99.214,4.4,178773,0.49,7.5
2013/7/1,0.121818182,2.582272727,4.31,3.605,1.403181818,76.731,98.978,0.092580645,1.5,98.913,4.4,179691,3.13,7.3
2013/8/1,0.126818182,2.737272727,4.51,3.757727273,1.520454545,77.122,98.978,0.082903226,1.5,99.489,4.4,178867,3.13,7.2
2013/9/1,0.1185,2.8095,4.32,3.787,1.596,77.478,98.978,0.08,1.5,100.017,4.4,178922,3.13,7.2
2013/10/1,0.121363636,2.615909091,4.1,3.675909091,1.366818182,77.34,100.134,0.087096774,1.5,99.904,4.4,179499,3.19,7.2
2013/11/1,0.121578947,2.718421053,4.29,3.8,1.371052632,77.48,100.134,0.084333333,1.5,100.148,4.4,179704,3.19,6.9
2013/12/1,0.132857143,2.901904762,4.48,3.889047619,1.576190476,77.593,100.134,0.08516129,1.5,100.358,4.4,180196,3.19,6.7
2014/1/1,0.116190476,2.858095238,4.32,3.769047619,1.646666667,77.254,102.665,0.071612903,0.76,99.983,5.74,178184,-1.01,6.6
2014/2/1,0.116842105,2.709473684,4.37,3.662631579,1.515789474,77.795,102.665,0.066428571,0.76,100.749,5.74,180434,-1.01,6.7
2014/3/1,0.128095238,2.723333333,4.4,3.620952381,1.63952381,78.507,102.665,0.078064516,0.76,101.739,5.74,181956,-1.01,6.7
2014/4/1,0.107619048,2.705238095,4.33,3.517619048,1.700952381,78.497,100.973,0.090333333,0.76,101.802,5.74,183385,5.02,6.2
2014/5/1,0.096666667,2.559047619,4.12,3.39,1.592857143,78.749,100.973,0.087096774,0.76,102.212,5.74,183385,5.02,6.3
2014/6/1,0.104761905,2.598571429,4.14,3.42,1.679047619,78.951,100.973,0.095666667,0.76,102.564,5.74,183609,5.02,6.1
2014/7/1,0.111363636,2.542272727,4.12,3.331818182,1.699545455,79.09,100.456,0.090967742,0.76,102.843,5.74,183727,4.84,6.2
2014/8/1,0.107142857,2.42,4.1,3.200952381,1.631428571,78.862,100.456,0.088064516,0.76,102.65,5.74,185124,4.84,6.1
2014/9/1,0.10952381,2.534285714,4.2,3.26,1.773809524,79.027,100.456,0.088333333,0.76,102.965,5.74,184719,4.84,5.9
2014/10/1,0.104545455,2.304090909,3.98,3.04,1.545909091,78.958,101.618,0.089032258,0.76,102.97,5.74,185428,1.89,5.7
2014/11/1,0.134444444,2.325555556,3.97,3.038333333,1.620555556,79.374,101.618,0.092,0.76,103.602,5.74,186228,1.89,5.8
2014/12/1,0.214545455,2.207272727,3.87,2.833181818,1.64,79.305,101.618,0.122580645,0.76,103.592,5.74,185686,1.89,5.6
2015/1/1,0.1955,1.8815,3.66,2.455,1.3745,78.641,100.893,0.11483871,0.73,102.798,4.3,185900,3.29,5.7
2015/2/1,0.224210526,1.975263158,3.8,2.566315789,1.472631579,78.109,100.893,0.110714286,0.73,102.155,4.3,185154,3.29,5.5
2015/3/1,0.253636364,2.042727273,3.69,2.626363636,1.519090909,77.811,100.893,0.112903226,0.73,101.808,4.3,187363,3.29,5.4
2015/4/1,0.233636364,1.935,3.68,2.585909091,1.354545455,77.342,99.771,0.124666667,0.73,101.229,4.3,187586,3.3,5.4
2015/5/1,0.241,2.1975,3.87,2.955,1.5385,76.961,99.771,0.123225806,0.73,100.754,4.3,188268,3.3,5.6
2015/6/1,0.275454545,2.363636364,4.02,3.111818182,1.683636364,76.723,99.771,0.129,0.73,100.453,4.3,187978,3.3,5.3
2015/7/1,0.296818182,2.324545455,3.98,3.066363636,1.632272727,77.224,99.146,0.130322581,0.73,101.11,4.3,189151,0.96,5.2
2015/8/1,0.375714286,2.167142857,3.84,2.855714286,1.541428571,77.052,99.146,0.138064516,0.73,100.88,4.3,189126,0.96,5.1
2015/9/1,0.373333333,2.172857143,3.86,2.952857143,1.49,76.852,99.146,0.136,0.73,100.608,4.3,188846,0.96,5
2015/10/1,0.263333333,2.07,3.76,2.888095238,1.385714286,76.511,103.219,0.123548387,0.73,100.151,4.3,188106,0.4,5
2015/11/1,0.476842105,2.263157895,3.95,3.03,1.671052632,75.93,103.219,0.117666667,0.73,99.382,4.3,188653,0.4,5.1
2015/12/1,0.653636364,2.242727273,4.01,2.97,1.698636364,75.534,103.219,0.240645161,0.73,98.857,4.3,189661,0.4,5
2016/1/1,0.543157895,2.085263158,3.79,2.858421053,1.518421053,75.956,104.557,0.342903226,2.07,99.409,5.57,188354,1.54,4.8
2016/2/1,0.534,1.7795,3.62,2.623,1.222,75.559,104.557,0.375172414,2.07,98.895,5.57,190613,1.54,4.9
2016/3/1,0.656363636,1.889090909,3.71,2.684545455,1.375909091,74.973,104.557,0.362258065,2.07,98.139,5.57,189384,1.54,5
2016/4/1,0.555714286,1.805238095,3.66,2.623333333,1.258095238,75.187,104.137,0.365333333,2.07,98.436,5.57,189272,2.26,5.1
2016/5/1,0.591428571,1.806190476,3.64,2.627619048,1.30047619,74.995,104.137,0.36516129,2.07,98.21,5.57,189605,2.26,4.8
2016/6/1,0.552272727,1.644090909,3.48,2.452272727,1.166363636,75.33,104.137,0.377666667,2.07,98.677,5.57,191085,2.26,4.9
2016/7/1,0.5135,1.504,3.48,2.227,1.0715,75.427,104.25,0.391612903,2.07,98.837,5.57,190743,1.91,4.8
2016/8/1,0.560404348,1.555443478,3.43,2.26056087,1.13076087,75.318,104.25,0.396774194,2.07,98.73,5.57,190673,1.91,4.9
2016/9/1,0.5794,1.624822727,3.42,2.344527273,1.172090909,75.216,104.25,0.396333333,2.07,98.629,5.57,191454,1.91,5
2016/10/1,0.641219048,1.753947619,3.47,2.497719048,1.266585714,75.259,105.318,0.396451613,2.07,98.713,5.57,191366,1.75,4.9
2016/11/1,0.718281818,2.149286364,4.03,2.871945455,1.602195455,74.931,105.318,0.406666667,2.07,98.3,5.57,190969,1.75,4.7
2016/12/1,0.842472727,2.489763636,4.32,3.113063636,1.954872727,75.388,105.318,0.54,2.07,98.906,5.57,193121,1.75,4.7
2017/1/1,0.798154545,2.425409091,4.19,3.017181818,1.911995455,75.262,103.646,0.649677419,2.11,98.735,2.58,194317,1.77,4.7
2017/2/1,0.795875,2.41515,4.16,3.027755,1.89502,75.038,103.646,0.656785714,2.11,98.418,2.58,194036,1.77,4.6
2017/3/1,0.991873913,2.479121739,4.14,3.0825,2.00896087,75.567,103.646,0.786129032,2.11,99.073,2.58,193644,1.77,4.4
2017/4/1,1.02213,2.285515,4.03,2.935805,1.813885,76.356,102.798,0.896,2.11,100.055,2.58,194165,2.96,4.4
2017/5/1,1.109791304,2.297082609,3.95,2.956665217,1.830591304,76.472,102.798,0.907419355,2.11,100.139,2.58,193344,2.96,4.4
2017/6/1,1.189231818,2.1847,3.88,2.795018182,1.769836364,76.669,102.798,1.04,2.11,100.315,2.58,193992,2.96,4.3
2017/7/1,1.212634783,2.314871429,3.92,2.884509524,1.872128571,76.608,103.492,1.150645161,2.11,100.142,2.58,193920,2.79,4.3
2017/8/1,1.217343478,2.2045,3.82,2.790869565,1.770878261,76.339,103.492,1.157096774,2.11,99.688,2.58,193547,2.79,4.4
2017/9/1,1.261180952,2.19682381,3.83,2.774233333,1.789290476,76.494,103.492,1.153333333,2.11,99.783,2.58,196499,2.79,4.3
2017/10/1,1.378272727,2.356177273,3.94,2.878663636,1.975231818,77.54,103.006,1.153870968,2.11,101.04,2.58,196605,2.27,4.2
2017/11/1,1.551538095,2.352995238,3.9,2.801457143,2.048938095,77.763,103.006,1.156896552,2.11,101.226,2.58,198105,2.27,4.2
2017/12/1,1.702518182,2.4062,3.99,2.769581818,2.186154545,77.962,103.006,1.297666667,2.11,101.388,2.58,199081,2.27,4.1
2018/1/1,1.801427273,2.5821,4.15,2.876322727,2.380295455,77.997,104.635,1.417241379,1.91,101.345,7.23,197492,2.2,4
2018/2/1,1.96407,2.859745,4.4,3.13108,2.600955,78.33,104.635,1.417407407,1.91,101.707,7.23,198214,2.2,4.1
2018/3/1,2.062857143,2.842218182,4.44,3.091428571,2.62952381,78.815,104.635,1.506129032,1.91,102.279,7.23,197742,2.2,4
2018/4/1,2.153809524,2.869047619,4.58,3.071904762,2.701904762,79.739,103.541,1.692333333,1.91,103.434,7.23,197759,4.1,4
2018/5/1,2.273636364,2.977727273,4.56,3.131818182,2.816818182,79.018,103.541,1.7,1.91,102.474,7.23,199646,4.1,3.8
2018/6/1,2.328095238,2.912380952,4.55,3.05,2.775714286,79.622,103.541,1.8016,1.91,103.251,7.23,198758,4.1,4
2018/7/1,2.387619048,2.889047619,4.54,3.006666667,2.777619048,79.773,104.006,1.91,1.91,103.459,7.23,199980,3.31,3.8
2018/8/1,2.445652174,2.889130435,4.52,3.04173913,2.767826087,80.307,104.006,1.914782609,1.91,104.18,7.23,199605,3.31,3.8
2018/9/1,2.557894737,3.004210526,4.72,3.151052632,2.893684211,80.264,104.006,1.948947368,1.91,104.167,7.23,198430,3.31,3.7
2018/10/1,2.651818182,3.152272727,4.86,3.339545455,3.000454545,80.13,105.547,2.188181818,1.91,104.048,7.23,200095,2.56,3.8
2018/11/1,2.6985,3.117,4.81,3.361,2.947,80.012,105.547,2.199,1.91,103.96,7.23,200779,2.56,3.8
2018/12/1,2.655263158,2.832631579,4.55,3.095789474,2.681578947,79.885,105.547,2.267,1.91,103.869,7.23,197321,2.56,3.9
2019/1/1,2.57952381,2.713809524,4.46,3.035238095,2.536190476,79.359,104.829,2.4,2.29,103.268,5.59,198560,2.2944,4
2019/2/1,2.550526316,2.676315789,4.35,3.023684211,2.487894737,78.945,104.829,2.4,2.29,102.816,5.59,198723,2.2944,3.8
2019/3/1,2.490952381,2.570952381,4.06,2.977619048,2.372857143,78.94,104.829,2.403809524,2.29,102.9,5.59,200396,2.2944,3.8
2019/4/1,2.424761905,2.532380952,4.2,2.94047619,2.333333333,78.469,103.53,2.423181818,2.29,102.383,5.59,200016,2.2944,3.6
2019/5/1,2.340454545,2.395,3.99,2.817727273,2.187727273,78.538,103.53,2.392727273,2.29,102.576,5.59,200875,2.2944,3.6
2019/6/1,1.995,2.074,3.73,2.5745,1.825,78.469,103.53,2.3755,2.29,102.593,5.59,201164,2.2944,3.6
2019/7/1,1.962272727,2.059090909,3.75,2.572727273,1.828181818,78.086,105.515,2.402727273,2.29,102.201,5.59,202685,2.2944,3.7
2019/8/1,1.772272727,1.626363636,3.58,2.119090909,1.486818182,78.538,105.515,2.125,2.29,102.909,5.59,203435,2.2944,3.7
2019/9/1,1.796,1.6995,3.64,2.158,1.565,78.203,105.515,2.0525,2.29,102.579,5.59,201778,2.2944,3.5
2019/10/1,1.608181818,1.706818182,3.78,2.190454545,1.525,77.514,106.887,1.83,2.29,101.778,5.59,201908,2.2944,3.6
2019/11/1,1.567894737,1.812105263,3.68,2.280526316,1.639473684,77.688,106.887,1.552631579,2.29,102.098,5.59,202404,2.2944,3.6
2019/12/1,1.549047619,1.862857143,3.74,2.297619048,1.682380952,77.374,106.887,1.550952381,2.29,101.763,5.59,203631,2.2944,3.6
2020/1/1,1.532857143,1.757619048,3.51,2.216190476,1.562380952,76.977,107.827,1.551904762,1.36,101.303,19.6,202590,-2.7678,3.5
2020/2/1,1.405789474,1.504210526,3.45,1.970526316,1.323684211,77.253,107.827,1.583684211,1.36,101.704,19.6,203150,-2.7678,3.5
2020/3/1,0.331818182,0.87,3.5,1.455,0.591818182,74.333,107.827,0.625454545,1.36,97.875,19.6,185986,-2.7678,4.4
2020/4/1,0.184285714,0.657619048,3.23,1.265238095,0.388095238,64.53,134.835,0.048636364,1.36,84.959,19.6,158936,-2.7678,14.7
2020/5/1,0.1615,0.674,3.15,1.378,0.3395,65.599,134.835,0.05,1.36,86.335,19.6,188739,-2.7678,13.2
2020/6/1,0.176363636,0.728636364,3.13,1.493636364,0.344545455,69.764,134.835,0.076818182,1.36,91.752,19.6,204144,-2.7678,11
2020/7/1,0.145454545,0.623636364,2.99,1.310454545,0.278636364,72.493,126.135,0.093478261,1.36,95.244,19.6,207562,-2.7678,10.2
2020/8/1,0.13047619,0.65,2.91,1.358095238,0.266666667,73.257,126.135,0.094761905,1.36,96.117,19.6,208194,-2.7678,8.4
2020/9/1,0.127619048,0.67952381,2.9,1.422857143,0.26952381,73.53,126.135,0.09,1.36,95.844,19.6,212234,-2.7678,7.9
2020/10/1,0.126666667,0.787142857,2.81,1.568571429,0.335714286,74.114,127.842,0.09,1.36,96.429,19.6,211216,-2.7678,6.9
2020/11/1,0.117368421,0.87,2.72,1.615263158,0.387894737,74.593,127.842,0.086842105,1.36,96.856,19.6,208900,-2.7678,6.7
2020/12/1,0.100454545,0.933636364,2.67,1.670454545,0.385909091,75.617,127.842,0.09,1.36,97.975,19.6,209971,-2.7678,6.7
2021/1/1,0.100526316,1.081052632,2.73,1.824736842,0.445263158,76.414,126.077,0.085263158,7.04,98.784,6.74,216756,5.9455,6.3
2021/2/1,0.072631579,1.257894737,2.97,2.042631579,0.542631579,73.941,126.077,0.075789474,7.04,95.374,6.74,210489,5.9455,6.2
2021/3/1,0.075652174,1.610869565,3.17,2.339130435,0.823043478,76.25,126.077,0.069565217,7.04,98.135,6.74,232367,5.9455,6.1
2021/4/1,0.060909091,1.635,2.98,2.299545455,0.861818182,76.538,123.788,0.068636364,7.04,98.289,6.74,232706,5.9455,6.1
2021/5/1,0.0505,1.621,2.95,2.316,0.8195,77.37,123.788,0.0595,7.04,99.151,6.74,229239,5.9455,5.8
2021/6/1,0.066818182,1.519090909,3.02,2.163636364,0.838636364,77.797,123.788,0.077272727,7.04,99.51,6.74,229751,5.9455,5.9
2021/7/1,0.075714286,1.318571429,2.8,1.942857143,0.764285714,78.406,120.715,0.098571429,7.04,100.123,6.74,225340,5.9455,5.4
2021/8/1,0.073636364,1.283181818,2.87,1.916363636,0.772272727,78.518,120.715,0.093181818,7.04,100.126,6.74,226356,5.9455,5.2
2021/9/1,0.077142857,1.374761905,3.01,1.935714286,0.863809524,77.768,120.715,0.079047619,7.04,99.061,6.74,227022,5.9455,4.8
2021/10/1,0.113,1.5825,3.14,2.0595,1.106,78.806,121.636,0.0795,7.04,100.305,6.74,228577,5.9455,4.5
2021/11/1,0.179,1.5595,3.1,1.9355,1.2025,79.549,121.636,0.0795,7.04,101.197,6.74,229352,5.9455,4.2
2021/12/1,0.299090909,1.465,3.11,1.847727273,1.229545455,79.324,121.636,0.079565217,7.04,100.886,6.74,226282,5.9455,3.9
2022/1/1,0.5495,1.764,3.55,2.0995,1.5385,79.432,122.879,0.08,6.45,101.023,6.09,228150,2.0616,4
2022/2/1,1.004210526,1.934210526,3.89,2.246315789,1.811578947,79.925,122.879,0.08,6.45,101.677,6.09,229631,2.0616,3.8
2022/3/1,1.335217391,2.127826087,4.67,2.406521739,2.109130435,80.516,122.879,0.199565217,6.45,102.478,6.09,232040,2.0616,3.6
2022/4/1,1.887,2.7475,5.1,2.812,2.7775,80.711,121.071,0.33,6.45,102.795,6.09,234190,2.0616,3.6
2022/5/1,2.05952381,2.898095238,5.1,3.065714286,2.874285714,80.628,121.071,0.758571429,6.45,102.777,6.09,231716,2.0616,3.6
2022/6/1,2.651428571,3.143333333,5.7,3.245714286,3.19,80.474,121.071,1.187142857,6.45,102.686,6.09,230896,2.0616,3.6
2022/7/1,3.0195,2.896,5.3,3.1025,2.9635,80.732,120.234,1.6545,6.45,103.133,6.09,229079,2.0616,3.5
2022/8/1,3.275217391,2.897826087,5.55,3.129565217,3.027391304,80.712,120.234,2.33,6.45,103.234,6.09,230428,2.0616,3.7
2022/9/1,3.891904762,3.519047619,6.7,3.558095238,3.696666667,80.837,120.234,2.58,6.45,103.528,6.09,229443,2.0616,3.5
2022/10/1,4.4275,3.9835,7.08,4.04,4.178,80.638,120.207,3.08,6.45,103.411,6.09,230714,2.0616,3.7
2022/11/1,4.728,3.891,6.58,3.999,4.0555,80.263,120.207,3.755,6.45,103.071,6.09,227223,2.0616,3.6
2022/12/1,4.681904762,3.616190476,6.42,3.659047619,3.764285714,78.92,120.207,4.091904762,6.45,101.485,6.09,225298,2.0616,3.5
