date,fed-funds-rate-historical-chart_monthly_value,1-year-treasury-rate-yield-chart_monthly_value,5-year-treasury-bond-rate-yield-chart_monthly_value,10-year-treasury-bond-rate-yield-chart_monthly_value,30-year-treasury-bond-rate-yield-chart_monthly_value,30-year-fixed-mortgage-rate-chart_monthly_value,historical-inflation-rate-by-year_monthly_expanded_value,debt-to-gdp-ratio-historical-chart_monthly_value,national-debt-growth-by-year_monthly_expanded_value,capacity-utilization-rate-historical-chart_monthly_value,industrial-production-historical-chart_monthly_value,retail-sales-historical-chart_monthly_value,us-national-unemployment-rate_monthly_value,united-states-population-2023-09-10,united-states-economic-growth-rate_quarterly_expanded_value
Jan-92,4.034193548,4.150952381,6.242857143,7.032380952,7.581904762,8.68,2.9,60.997,9.87,79.43,61.647,118651,7.3,1.44,4.79
Feb-92,4.057586207,4.287368421,6.577894737,7.337894737,7.854736842,8.83,2.9,60.997,9.87,79.836,62.079,118480,7.4,1.44,4.79
Mar-92,3.983225806,4.634545455,6.945454545,7.542272727,7.969545455,8.98,2.9,60.997,9.87,80.339,62.596,117700,7.4,1.44,4.79
Apr-92,3.734666667,4.299047619,6.784285714,7.48047619,7.962380952,8.85,2.9,61.579,9.87,80.782,63.073,118156,7.4,1.44,4.34
May-92,3.823225806,4.1895,6.6925,7.392,7.891,8.6,2.9,61.579,9.87,80.869,63.276,118548,7.6,1.44,4.34
Jun-92,3.762666667,4.165909091,6.482727273,7.261818182,7.841818182,8.43,2.9,61.579,9.87,80.735,63.31,118542,7.8,1.44,4.34
Jul-92,3.253548387,3.595909091,5.836818182,6.844545455,7.598181818,8.05,2.9,61.898,9.87,81.279,63.877,119044,7.7,1.44,3.95
Aug-92,3.303225806,3.471904762,5.596190476,6.585714286,7.39047619,8.01,2.9,61.898,9.87,80.654,63.522,119176,7.6,1.44,3.95
Sep-92,3.219666667,3.184285714,5.38,6.415238095,7.340952381,8.02,2.9,61.898,9.87,80.738,63.722,120057,7.6,1.44,3.95
Oct-92,3.099032258,3.302380952,5.60047619,6.589047619,7.531904762,8.21,2.9,62.523,9.87,81.126,64.156,120413,7.3,1.44,4.17
Nov-92,3.087666667,3.682105263,6.037894737,6.873157895,7.606842105,8.29,2.9,62.523,9.87,81.297,64.414,120340,7.4,1.44,4.17
Dec-92,2.919677419,3.711363636,6.075909091,6.77,7.436363636,8.14,2.9,62.523,9.87,81.28,64.516,121648,7.4,1.44,4.17
Jan-93,3.024193548,3.496315789,5.833684211,6.6,7.341578947,7.86,2.75,62.867,8.59,81.463,64.774,122625,7.3,1.41,0.67
Feb-93,3.027142857,3.385789474,5.428947368,6.258947368,7.089473684,7.53,2.75,62.867,8.59,81.716,65.081,121414,7.1,1.41,0.67
Mar-93,3.074193548,3.333043478,5.194782609,5.975217391,6.82173913,7.5,2.75,62.867,8.59,81.511,65.018,120241,7,1.41,0.67
Apr-93,2.957666667,3.244285714,5.132857143,5.96952381,6.854285714,7.43,2.75,63.915,8.59,81.624,65.204,122913,7.1,1.41,2.33
May-93,2.996129032,3.3635,5.198,6.0355,6.919,7.5,2.75,63.915,8.59,81.181,64.943,123735,7.1,1.41,2.33
Jun-93,3.038,3.536363636,5.216818182,5.962727273,6.807272727,7.34,2.75,63.915,8.59,81.256,65.098,123463,7,1.41,2.33
Jul-93,3.055483871,3.474761905,5.090952381,5.805238095,6.625714286,7.25,2.75,64.101,8.59,81.332,65.255,125082,6.9,1.41,1.91
Aug-93,3.032258065,3.443636364,5.025,5.677727273,6.323181818,6.97,2.75,64.101,8.59,81.13,65.195,124798,6.8,1.41,1.91
Sep-93,3.086333333,3.356190476,4.734761905,5.36,5.997142857,6.95,2.75,64.101,8.59,81.411,65.528,125361,6.7,1.41,1.91
Oct-93,2.992580645,3.392,4.707,5.334,5.939,6.86,2.75,64.669,8.59,81.869,66.015,125607,6.8,1.41,5.44
Nov-93,3.018,3.579,5.063,5.724,6.21,7.31,2.75,64.669,8.59,82.1,66.329,126539,6.6,1.41,5.44
Dec-93,2.95516129,3.607272727,5.146818182,5.774090909,6.251818182,7.13,2.75,64.669,8.59,82.392,66.704,127409,6.5,1.41,5.44
Jan-94,3.050645161,3.5425,5.087,5.7505,6.291,6.97,2.67,64.307,5.83,82.472,66.916,126550,6.6,1.35,3.88
Feb-94,3.245,3.865789474,5.395263158,5.973157895,6.490526316,7.32,2.67,64.307,5.83,82.336,66.964,128203,6.6,1.35,3.88
Mar-94,3.335806452,4.319130435,5.941304348,6.482608696,6.906521739,7.8,2.67,64.307,5.83,82.947,67.634,130237,6.5,1.35,3.88
Apr-94,3.555,4.815789474,6.524210526,6.972105263,7.268947368,8.32,2.67,64.107,5.83,83.213,68.033,130190,6.4,1.35,5.42
May-94,4.010967742,5.314285714,6.78,7.183333333,7.412380952,8.53,2.67,64.107,5.83,83.366,68.353,129443,6.1,1.35,5.42
Jun-94,4.245666667,5.267272727,6.695454545,7.101363636,7.395,8.46,2.67,64.107,5.83,83.661,68.8,130581,6.1,1.35,5.42
Jul-94,4.256129032,5.4765,6.9095,7.298,7.579,8.57,2.67,64.012,5.83,83.507,68.886,130555,6.1,1.35,2.34
Aug-94,4.474516129,5.562173913,6.877826087,7.236086957,7.486086957,8.56,2.67,64.012,5.83,83.792,69.341,131653,6,1.35,2.34
Sep-94,4.733666667,5.762857143,7.083333333,7.457142857,7.712380952,8.82,2.67,64.012,5.83,83.782,69.557,132461,5.9,1.35,2.34
Oct-94,4.76,6.1145,7.403,7.744,7.935,9.03,2.67,64.386,5.83,84.18,70.119,133582,5.8,1.35,4.58
Nov-94,5.294666667,6.54,7.7175,7.955,8.0815,9.25,2.67,64.386,5.83,84.466,70.594,133332,5.6,1.35,4.58
Dec-94,5.453225806,7.136190476,7.776190476,7.813809524,7.871428571,9.18,2.67,64.386,5.83,84.999,71.281,133712,5.5,1.35,4.58
Jan-95,5.527419355,7.0505,7.756,7.7795,7.8465,9.13,2.54,64.663,3.93,84.887,71.43,133936,5.6,1.29,1.42
Feb-95,5.915357143,6.696842105,7.365789474,7.469473684,7.611578947,8.73,2.54,64.663,3.93,84.481,71.334,131477,5.4,1.29,1.42
Mar-95,5.976451613,6.43173913,7.047391304,7.204782609,7.447826087,8.38,2.54,64.663,3.93,84.317,71.445,132438,5.4,1.29,1.42
Apr-95,6.047333333,6.265789474,6.86,7.062631579,7.360526316,8.26,2.54,65.313,3.93,83.884,71.329,132432,5.8,1.29,1.19
May-95,6.009032258,5.997727273,6.414545455,6.632727273,6.95,7.85,2.54,65.313,3.93,83.971,71.66,133456,5.6,1.29,1.19
Jun-95,6.001333333,5.642272727,5.928636364,6.168181818,6.573181818,7.53,2.54,65.313,3.93,83.938,71.897,134843,5.6,1.29,1.19
Jul-95,5.851935484,5.594,6.0085,6.278,6.721,7.79,2.54,64.739,3.93,83.267,71.592,134286,5.7,1.29,3.4
Aug-95,5.73516129,5.752608696,6.243913043,6.48826087,6.860434783,7.88,2.54,64.739,3.93,84.034,72.534,135069,5.7,1.29,3.4
Sep-95,5.804666667,5.62,6.0015,6.1975,6.549,7.62,2.54,64.739,3.93,84.034,72.825,135210,5.6,1.29,3.4
Oct-95,5.756129032,5.59047619,5.862857143,6.044761905,6.374761905,7.45,2.54,64.183,3.93,83.558,72.713,134317,5.5,1.29,2.72
Nov-95,5.803,5.432857143,5.694285714,5.93047619,6.262857143,7.35,2.54,64.183,3.93,83.404,72.888,135761,5.6,1.29,2.72
Dec-95,5.601935484,5.307,5.5135,5.7115,6.0625,7.11,2.54,64.183,3.93,83.33,73.143,136712,5.6,1.29,2.72
Jan-96,5.56483871,5.087619048,5.362380952,5.652380952,6.051904762,7,3.32,65.042,6.71,82.51,72.747,134906,5.6,1.25,3
Feb-96,5.224482759,4.942,5.3795,5.8055,6.242,7.32,3.32,65.042,6.71,83.315,73.787,136779,5.5,1.25,3
Mar-96,5.314193548,5.342380952,5.966190476,6.268571429,6.604285714,7.69,3.32,65.042,6.71,82.808,73.675,137550,5.5,1.25,3
Apr-96,5.223666667,5.537727273,6.300909091,6.511363636,6.794090909,7.92,3.32,64.25,6.71,83.254,74.415,137525,5.6,1.25,6.67
May-96,5.23516129,5.636818182,6.483181818,6.736818182,6.927727273,8.03,3.32,64.25,6.71,83.487,74.972,138299,5.6,1.25,6.67
Jun-96,5.273333333,5.81,6.6895,6.912,7.059,8.29,3.32,64.25,6.71,83.719,75.532,137886,5.3,1.25,6.67
Jul-96,5.396451613,5.850909091,6.635909091,6.865454545,7.033181818,8.19,3.32,64.255,6.71,83.333,75.532,137791,5.5,1.25,3.59
Aug-96,5.222903226,5.666818182,6.389090909,6.635454545,6.841818182,8.09,3.32,64.255,6.71,83.366,75.913,137632,5.1,1.25,3.59
Sep-96,5.299,5.833,6.597,6.832,7.026,8.16,3.32,64.255,6.71,83.515,76.403,139034,5.2,1.25,3.59
Oct-96,5.238064516,5.55,6.270454545,6.533636364,6.808636364,7.86,3.32,64.447,6.71,83.112,76.393,139735,5.2,1.25,4.15
Nov-96,5.311,5.423157895,5.973157895,6.203684211,6.481578947,7.52,3.32,64.447,6.71,83.446,77.067,139233,5.4,1.25,4.15
Dec-96,5.294516129,5.471904762,6.068095238,6.302380952,6.552380952,7.64,3.32,64.447,6.71,83.569,77.554,139529,5.4,1.25,4.15
Jan-97,5.254516129,5.612380952,6.333333333,6.579047619,6.826666667,7.88,1.7,64.344,3.37,83.32,77.695,140201,5.3,1.27,2.58
Feb-97,5.185714286,5.525263158,6.198947368,6.419473684,6.687894737,7.65,1.7,64.344,3.37,83.89,78.612,141153,5.2,1.27,2.58
Mar-97,5.386129032,5.7955,6.537,6.6945,6.9325,7.97,1.7,64.344,3.37,83.99,79.102,141528,5.2,1.27,2.58
Apr-97,5.507333333,5.988181818,6.759090909,6.885454545,7.092727273,8.08,1.7,63.109,3.37,83.633,79.168,140472,5.1,1.27,6.65
May-97,5.504193548,5.86952381,6.567619048,6.710952381,6.935714286,7.94,1.7,63.109,3.37,83.657,79.608,139418,4.9,1.27,6.65
Jun-97,5.555666667,5.691904762,6.375238095,6.493809524,6.772380952,7.58,1.7,63.109,3.37,83.59,79.98,141109,5,1.27,6.65
Jul-97,5.521290323,5.541818182,6.120909091,6.220454545,6.51,7.43,1.7,62.487,3.37,83.816,80.649,142583,4.9,1.27,5
Aug-97,5.542258065,5.564761905,6.16,6.298571429,6.578571429,7.58,1.7,62.487,3.37,84.158,81.455,142605,4.8,1.27,5
Sep-97,5.540666667,5.523809524,6.106190476,6.208571429,6.495238095,7.28,1.7,62.487,3.37,84.427,82.212,142873,4.9,1.27,5
Oct-97,5.496129032,5.456363636,5.928181818,6.029545455,6.326363636,7.21,1.7,62.77,3.37,84.634,82.931,142313,4.7,1.27,3.44
Nov-97,5.521666667,5.457222222,5.803888889,5.875,6.109444444,7.17,1.7,62.77,3.37,84.763,83.592,142511,4.6,1.27,3.44
Dec-97,5.50483871,5.525,5.773181818,5.808636364,5.99,6.99,1.7,62.77,3.37,84.594,83.97,142881,4.7,1.27,3.44
Jan-98,5.557419355,5.2445,5.416,5.5445,5.811,7.12,1.61,62.51,2.03,84.419,84.347,142955,4.6,1.26,4
Feb-98,5.505714286,5.308421053,5.492631579,5.574736842,5.891052632,7.09,1.61,62.51,2.03,84.008,84.487,143015,4.6,1.26,4
Mar-98,5.493548387,5.389545455,5.611818182,5.647272727,5.948181818,7.08,1.61,62.51,2.03,83.496,84.521,143878,4.7,1.26,4
Apr-98,5.445333333,5.379047619,5.611904762,5.637619048,5.923809524,7.15,1.61,61.852,2.03,83.263,84.828,145491,4.3,1.26,3.7
May-98,5.488709677,5.44,5.628,5.6525,5.9265,7.07,1.61,61.852,2.03,83.264,85.36,145803,4.4,1.26,3.7
Jun-98,5.558666667,5.408636364,5.524090909,5.496363636,5.703636364,6.96,1.61,61.852,2.03,82.267,84.847,146788,4.5,1.26,3.7
Jul-98,5.535806452,5.358181818,5.461363636,5.461363636,5.676818182,6.97,1.61,60.587,2.03,81.478,84.506,145472,4.5,1.26,5.01
Aug-98,5.546774194,5.205238095,5.274761905,5.341904762,5.54047619,6.92,1.61,60.587,2.03,82.713,86.246,144663,4.5,1.26,5.01
Sep-98,5.511666667,4.710952381,4.623809524,4.806666667,5.204761905,6.64,1.61,60.587,2.03,82.219,86.171,145902,4.6,1.26,5.01
Oct-98,5.070967742,4.121428571,4.184285714,4.53,5.01047619,6.83,1.61,60.407,2.03,82.383,86.767,147986,4.5,1.26,6.46
Nov-98,4.826,4.525263158,4.537368421,4.827368421,5.248421053,6.78,1.61,60.407,2.03,81.922,86.693,148867,4.4,1.26,6.46
Dec-98,4.683548387,4.518636364,4.45,4.645,5.059090909,6.83,1.61,60.407,2.03,81.896,87.063,149957,4.4,1.26,6.46
Jan-99,4.632580645,4.514210526,4.600526316,4.722105263,5.157894737,6.74,2.68,60.049,2.88,81.875,87.425,149889,4.3,1.21,3.79
Feb-99,4.764642857,4.702631579,4.914736842,4.998947368,5.365263158,6.89,2.68,60.049,2.88,81.992,87.926,151500,4.4,1.21,3.79
Mar-99,4.809354839,4.781304348,5.140434783,5.232608696,5.580434783,6.98,2.68,60.049,2.88,81.826,88.11,152104,4.2,1.21,3.79
Apr-99,4.736333333,4.69,5.079545455,5.184545455,5.547727273,6.93,2.68,59.192,2.88,81.689,88.311,152186,4.3,1.21,3.08
May-99,4.742258065,4.849,5.437,5.5395,5.8055,7.23,2.68,59.192,2.88,81.872,88.849,153455,4.2,1.21,3.08
Jun-99,4.764666667,5.096818182,5.809090909,5.899545455,6.041818182,7.63,2.68,59.192,2.88,81.519,88.798,153885,4.3,1.21,3.08
Jul-99,4.994193548,5.031904762,5.678571429,5.791904762,5.983333333,7.7,2.68,58.393,2.88,81.693,89.312,154443,4.3,1.21,5.24
Aug-99,5.072258065,5.197727273,5.841363636,5.939090909,6.068636364,7.8,2.68,58.393,2.88,81.761,89.711,155733,4.2,1.21,5.24
Sep-99,5.224333333,5.251428571,5.801904762,5.915238095,6.071428571,7.76,2.68,58.393,2.88,81.125,89.333,155731,4.2,1.21,5.24
Oct-99,5.2,5.429,6.0335,6.112,6.2635,7.96,2.68,58.343,2.88,81.886,90.492,155751,4.1,1.21,6.8
Nov-99,5.42,5.5535,5.969,6.034,6.145,7.75,2.68,58.343,2.88,82.025,90.965,157343,4.1,1.21,6.8
Dec-99,5.295806452,5.842272727,6.186363636,6.275454545,6.351363636,8.06,2.68,58.343,2.88,82.384,91.68,159871,4,1.21,6.8
Jan-00,5.448387097,6.1215,6.5795,6.661,6.6255,8.25,3.39,57.721,-1.97,82.053,91.626,158325,4,1.15,1.45
Feb-00,5.734827586,6.218,6.678,6.5195,6.232,8.31,3.39,57.721,-1.97,82.073,91.963,160012,4.1,1.15,1.45
Mar-00,5.853548387,6.222173913,6.503913043,6.256521739,6.053478261,8.23,3.39,57.721,-1.97,82.105,92.312,160931,4,1.15,1.45
Apr-00,6.019666667,6.150526316,6.262631579,5.990526316,5.846315789,8.13,3.39,55.485,-1.97,82.339,92.887,158599,3.8,1.15,7.32
May-00,6.268064516,6.326363636,6.687727273,6.440454545,6.148636364,8.62,3.39,55.485,-1.97,82.306,93.162,158525,4,1.15,7.32
Jun-00,6.528333333,6.172727273,6.300909091,6.097272727,5.926363636,8.22,3.39,55.485,-1.97,82.08,93.217,158782,4,1.15,7.32
Jul-00,6.544516129,6.0825,6.179,6.054,5.851,8.13,3.39,54.992,-1.97,81.655,93.04,157863,4,1.15,0.53
Aug-00,6.496774194,6.183043478,6.060869565,5.826086957,5.716086957,7.99,3.39,54.992,-1.97,81.17,92.79,158030,4.1,1.15,0.53
Sep-00,6.517,6.1255,5.9345,5.799,5.8265,7.88,3.39,54.992,-1.97,81.223,93.155,159878,3.9,1.15,0.53
Oct-00,6.509354839,6.012380952,5.782857143,5.738571429,5.803333333,7.68,3.39,54.258,-1.97,80.682,92.836,159245,3.9,1.15,2.49
Nov-00,6.514333333,6.091904762,5.697619048,5.717142857,5.775714286,7.73,3.39,54.258,-1.97,80.423,92.84,158455,3.9,1.15,2.49
Dec-00,6.402258065,5.6025,5.168,5.2405,5.4905,7.13,3.39,54.258,-1.97,79.899,92.533,157956,3.9,1.15,2.49
1-Jan,5.975806452,4.814761905,4.858571429,5.160952381,5.540952381,7.15,1.55,55.144,4.97,79.21,92.03,158789,4.2,1.09,-1.14
1-Feb,5.494285714,4.684210526,4.886315789,5.098947368,5.454736842,7.12,1.55,55.144,4.97,78.428,91.408,158394,4.2,1.09,-1.14
1-Mar,5.310967742,4.298636364,4.642727273,4.885454545,5.339545455,6.91,1.55,55.144,4.97,77.988,91.175,156985,4.3,1.09,-1.14
1-Apr,4.802,3.9765,4.7635,5.141,5.646,7.12,1.55,54.032,4.97,77.501,90.877,159188,4.4,1.09,2.34
1-May,4.212258065,3.781363636,4.927727273,5.391363636,5.78,7.2,1.55,54.032,4.97,76.852,90.375,158768,4.3,1.09,2.34
1-Jun,3.969666667,3.576190476,4.807142857,5.284285714,5.66952381,7.11,1.55,54.032,4.97,76.209,89.863,157795,4.5,1.09,2.34
1-Jul,3.769032258,3.617142857,4.761904762,5.236190476,5.613333333,7.03,1.55,54.798,4.97,75.563,89.329,157556,4.6,1.09,-1.66
1-Aug,3.652580645,3.470434783,4.573913043,4.971304348,5.483478261,6.92,1.55,54.798,4.97,75.289,89.22,158632,4.9,1.09,-1.66
1-Sep,3.069,2.824705882,4.115294118,4.731764706,5.482941176,6.72,1.55,54.798,4.97,74.72,88.748,155016,5,1.09,-1.66
1-Oct,2.48516129,2.330454545,3.91,4.566818182,5.315454545,6.64,1.55,55.752,4.97,74.331,88.476,165845,5.3,1.09,1.09
1-Nov,2.087,2.182,3.9725,4.6515,5.118,7.02,1.55,55.752,4.97,73.754,87.963,161753,5.5,1.09,1.09
1-Dec,1.817741935,2.2155,4.3895,5.0875,5.48,7.16,1.55,55.752,4.97,73.595,87.933,159924,5.7,1.09,1.09
2-Jan,1.729677419,2.158571429,4.34,5.035714286,5.445238095,6.96,2.38,55.697,7.78,73.986,88.545,159543,5.7,1.01,3.5
2-Feb,1.739642857,2.232631579,4.298421053,4.911578947,5.400909091,6.81,2.38,55.697,7.78,73.874,88.536,160143,5.7,1.01,3.5
2-Mar,1.73,2.567,4.738,5.284,,7.18,2.38,55.697,7.78,74.346,89.21,159250,5.7,1.01,3.5
2-Apr,1.753,2.475909091,4.646818182,5.210909091,,6.88,2.38,56.271,7.78,74.631,89.639,161089,5.9,1.01,2.42
2-May,1.751290323,2.354090909,4.494545455,5.164545455,,6.76,2.38,56.271,7.78,74.897,90.027,158747,5.8,1.01,2.42
2-Jun,1.750333333,2.1965,4.186,4.9265,,6.55,2.38,56.271,7.78,75.469,90.765,160007,5.8,1.01,2.42
2-Jul,1.729032258,1.960909091,3.807272727,4.653181818,,6.34,2.38,56.703,7.78,75.426,90.744,161325,5.8,1.01,1.78
2-Aug,1.743225806,1.757272727,3.294545455,4.257272727,,6.22,2.38,56.703,7.78,75.318,90.627,162133,5.7,1.01,1.78
2-Sep,1.750666667,1.715,2.938,3.87,,5.99,2.38,56.703,7.78,75.399,90.724,159519,5.7,1.01,1.78
2-Oct,1.75483871,1.65,2.945,3.940909091,,6.31,2.38,57.91,7.78,75.212,90.488,159810,5.7,1.01,0.62
2-Nov,1.336,1.491578947,3.054736842,4.048421053,,6.13,2.38,57.91,7.78,75.643,90.982,160597,5.9,1.01,0.62
2-Dec,1.238387097,1.45,3.033333333,4.032380952,,5.93,2.38,57.91,7.78,75.262,90.492,161687,6,1.01,0.62
3-Jan,1.23516129,1.364285714,3.052380952,4.048571429,,5.9,1.88,57.819,9.25,75.915,91.24,161691,5.8,0.96,2.22
3-Feb,1.262142857,1.296315789,2.897894737,3.902631579,,5.79,1.88,57.819,9.25,76.026,91.338,158588,5.9,0.96,2.22
3-Mar,1.252903226,1.24,2.783809524,3.807142857,,5.91,1.88,57.819,9.25,75.83,91.069,161134,5.9,0.96,2.22
3-Apr,1.258,1.267142857,2.928571429,3.958571429,,5.79,1.88,58.961,9.25,75.38,90.491,161354,6,0.96,3.44
3-May,1.259032258,1.181428571,2.515714286,3.569047619,,5.31,1.88,58.961,9.25,75.393,90.47,162061,6.1,0.96,3.44
3-Jun,1.222666667,1.00952381,2.265714286,3.334285714,,5.24,1.88,58.961,9.25,75.521,90.59,163641,6.3,0.96,3.44
3-Jul,1.011290323,1.116363636,2.872272727,3.975454545,,5.94,1.88,58.645,9.25,75.935,91.061,164805,6.2,0.96,6.79
3-Aug,1.029032258,1.308571429,3.37,4.445238095,,6.32,1.88,58.645,9.25,75.771,90.845,166834,6.1,0.96,6.79
3-Sep,1.01,1.237619048,3.184761905,4.274285714,,5.98,1.88,58.645,9.25,76.285,91.445,165280,6.1,0.96,6.79
3-Oct,1.01,1.254090909,3.185909091,4.290454545,,5.94,1.88,59.445,9.25,76.394,91.56,164851,6,0.96,4.59
3-Nov,0.996,1.336666667,3.287222222,4.3,,5.89,1.88,59.445,9.25,76.922,92.176,166771,5.8,0.96,4.59
3-Dec,0.984193548,1.305909091,3.268636364,4.267727273,,5.85,1.88,59.445,9.25,76.998,92.253,165718,5.7,0.96,4.59
4-Jan,0.997096774,1.2395,3.1215,4.1505,,5.68,3.26,59.807,8.55,77.139,92.407,165998,5.7,0.97,2.13
4-Feb,1.007241379,1.243684211,3.067894737,4.084210526,,5.58,3.26,59.807,8.55,77.621,92.969,166788,5.6,0.97,2.13
4-Mar,1.001612903,1.187391304,2.786956522,3.826521739,,5.4,3.26,59.807,8.55,77.328,92.6,169381,5.8,0.97,2.13
4-Apr,1.004,1.433809524,3.38952381,4.347619048,,6.01,3.26,60.055,8.55,77.657,92.976,167296,5.6,0.97,3.05
4-May,1.004516129,1.7775,3.8505,4.7155,,6.32,3.26,60.055,8.55,78.228,93.645,169481,5.6,0.97,3.05
4-Jun,1.025666667,2.115238095,3.929047619,4.733809524,,6.25,3.26,60.055,8.55,77.642,92.93,166733,5.6,0.97,3.05
4-Jul,1.263548387,2.095238095,3.688571429,4.498095238,,6.08,3.26,59.966,8.55,78.216,93.611,168455,5.5,0.97,3.78
4-Aug,1.429354839,2.015909091,3.474545455,4.281363636,,5.82,3.26,59.966,8.55,78.287,93.696,168592,5.4,0.97,3.78
4-Sep,1.605,2.116666667,3.355238095,4.125714286,,5.72,3.26,59.966,8.55,78.362,93.796,171006,5.4,0.97,3.78
4-Oct,1.760967742,2.228,3.3475,4.097,,5.64,3.26,60.637,8.55,79.033,94.623,171247,5.5,0.97,4.01
4-Nov,1.932,2.5,3.525,4.194,,5.72,3.26,60.637,8.55,79.192,94.849,171015,5.4,0.97,4.01
4-Dec,2.156129032,2.670454545,3.598181818,4.230909091,,5.81,3.26,60.637,8.55,79.763,95.584,173122,5.4,0.97,4.01
5-Jan,2.279354839,2.8605,3.707,4.2215,,5.66,3.42,60.913,7.56,79.998,95.929,171553,5.3,0.98,4.43
5-Feb,2.501785714,3.029473684,3.766315789,4.165263158,,5.69,3.42,60.913,7.56,80.514,96.629,173090,5.4,0.98,4.43
5-Mar,2.629032258,3.302272727,4.165454545,4.497727273,,6.04,3.42,60.913,7.56,80.319,96.491,172750,5.2,0.98,4.43
5-Apr,2.785,3.316666667,3.998571429,4.340952381,,5.78,3.42,60.642,7.56,80.39,96.681,173765,5.2,0.98,1.85
5-May,3.002580645,3.330952381,3.852857143,4.144285714,,5.65,3.42,60.642,7.56,80.387,96.793,172790,5.1,0.98,1.85
5-Jun,3.035666667,3.363181818,3.772272727,3.998181818,,5.53,3.42,60.642,7.56,80.613,97.19,177593,5,0.98,1.85
5-Jul,3.262580645,3.641,3.979,4.1775,,5.77,3.42,60.359,7.56,80.263,96.898,177822,5,0.98,3.57
5-Aug,3.499677419,3.872173913,4.122173913,4.262608696,,5.77,3.42,60.359,7.56,80.42,97.222,175067,4.9,0.98,3.57
5-Sep,3.623,3.845238095,4.006190476,4.199047619,,5.91,3.42,60.359,7.56,78.758,95.346,173016,5,0.98,3.57
5-Oct,3.779354839,4.1755,4.3285,4.4635,,6.15,3.42,61.32,7.56,79.598,96.498,172826,5,0.98,2.53
5-Nov,3.999,4.334,4.4525,4.535,,6.28,3.42,61.32,7.56,80.364,97.565,175328,5,0.98,2.53
5-Dec,4.157096774,4.352857143,4.392380952,4.467142857,,6.22,3.42,61.32,7.56,80.628,98.022,175369,4.9,0.98,2.53
6-Jan,4.28516129,4.445,4.3455,4.416,,6.12,2.54,61.556,6.24,80.665,98.204,179293,4.7,0.98,5.32
6-Feb,4.491428571,4.684736842,4.572105263,4.568947368,4.536923077,6.26,2.54,61.556,6.24,80.58,98.24,177887,4.8,0.98,5.32
6-Mar,4.589354839,4.773478261,4.716086957,4.723913043,4.734347826,6.35,2.54,61.556,6.24,80.655,98.474,178100,4.7,0.98,5.32
6-Apr,4.790333333,4.897368421,4.902105263,4.990526316,5.062631579,6.58,2.54,61.221,6.24,80.782,98.777,178088,4.7,0.98,0.93
6-May,4.940322581,4.995,4.997727273,5.11,5.201363636,6.62,2.54,61.221,6.24,80.662,98.788,177200,4.6,0.98,0.93
6-Jun,4.991,5.155,5.067272727,5.106363636,5.154090909,6.78,2.54,61.221,6.24,80.782,99.107,177343,4.6,0.98,0.93
6-Jul,5.23516129,5.2175,5.04,5.0875,5.1345,6.72,2.54,61.333,6.24,80.574,99.036,176937,4.7,0.98,0.62
6-Aug,5.246451613,5.082608696,4.822173913,4.876521739,4.996086957,6.44,2.54,61.333,6.24,80.753,99.458,176983,4.7,0.98,0.62
6-Sep,5.254666667,4.9745,4.6675,4.719,4.852,6.31,2.54,61.333,6.24,80.414,99.254,177002,4.5,0.98,0.62
6-Oct,5.24516129,5.01,4.686666667,4.729047619,4.854761905,6.4,2.54,61.827,6.24,80.148,99.151,177544,4.4,0.98,3.41
6-Nov,5.245666667,5.010952381,4.582380952,4.595238095,4.685714286,6.14,2.54,61.827,6.24,79.916,99.097,177854,4.5,0.98,3.41
6-Dec,5.238064516,4.9415,4.533,4.5645,4.6825,6.18,2.54,61.827,6.24,80.541,100.112,179089,4.4,0.98,3.41
7-Jan,5.248387097,5.057142857,4.752857143,4.75952381,4.851904762,6.25,4.08,62.253,6.32,80.037,99.723,178736,4.6,1,0.94
7-Feb,5.258928571,5.053684211,4.710526316,4.722631579,4.821578947,6.22,4.08,62.253,6.32,80.625,100.692,178237,4.5,1,0.94
7-Mar,5.256774194,4.920454545,4.480909091,4.564545455,4.721818182,6.16,4.08,62.253,6.32,80.595,100.886,178850,4.4,1,0.94
7-Apr,5.249666667,4.932380952,4.593333333,4.693809524,4.866190476,6.16,4.08,61.572,6.32,80.974,101.578,177844,4.5,1,2.29
7-May,5.253548387,4.909090909,4.667272727,4.746363636,4.901363636,6.42,4.08,61.572,6.32,80.871,101.648,179408,4.4,1,2.29
7-Jun,5.254,4.962380952,5.026190476,5.102857143,5.203333333,6.67,4.08,61.572,6.32,80.755,101.674,177651,4.6,1,2.29
7-Jul,5.258387097,4.964285714,4.884761905,5.004285714,5.108095238,6.69,4.08,61.848,6.32,80.558,101.563,178039,4.7,1,2.17
7-Aug,5.022258065,4.472173913,4.432173913,4.674782609,4.932173913,6.45,4.08,61.848,6.32,80.651,101.775,178824,4.6,1,2.17
7-Sep,4.938,4.136842105,4.198947368,4.521578947,4.793157895,6.42,4.08,61.848,6.32,80.804,102.028,178794,4.7,1,2.17
7-Oct,4.755483871,4.096818182,4.198181818,4.527727273,4.773636364,6.33,4.08,62.719,6.32,80.546,101.729,179401,4.7,1,2.43
7-Nov,4.486666667,3.499,3.667,4.1485,4.52,6.1,4.08,62.719,6.32,81.016,102.319,179696,4.7,1,2.43
7-Dec,4.244516129,3.263,3.4875,4.0975,4.527,6.17,4.08,62.719,6.32,81.031,102.307,177019,5,1,2.43
8-Jan,3.940322581,2.711428571,2.98047619,3.744285714,4.33047619,5.68,0.09,64.173,15.93,80.961,102.169,176853,5,0.97,-2.3
8-Feb,2.980689655,2.0535,2.779,3.7375,4.517,6.24,0.09,64.173,15.93,80.691,101.767,174826,4.9,0.97,-2.3
8-Mar,2.610322581,1.544,2.4835,3.51,4.393,5.85,0.09,64.173,15.93,80.452,101.399,174630,5.1,0.97,-2.3
8-Apr,2.278333333,1.738181818,2.841363636,3.675,4.443181818,6.03,0.09,63.852,15.93,79.967,100.724,174146,5,0.97,2.07
8-May,1.978387097,2.055714286,3.153333333,3.88,4.596190476,6.08,0.09,63.852,15.93,79.54,100.14,174731,5.4,0.97,2.07
8-Jun,2.001,2.41952381,3.485238095,4.09952381,4.689047619,6.45,0.09,63.852,15.93,79.376,99.914,173112,5.6,0.97,2.07
8-Jul,2.009677419,2.281818182,3.303181818,4.007727273,4.570909091,6.52,0.09,67.285,15.93,79.028,99.494,171238,5.8,0.97,-2.17
8-Aug,1.996451613,2.177142857,3.141904762,3.885714286,4.501904762,6.4,0.09,67.285,15.93,77.746,97.937,170234,6.1,0.97,-2.17
8-Sep,1.811666667,1.912857143,2.884285714,3.686190476,4.269047619,6.09,0.09,67.285,15.93,74.285,93.659,167550,6.1,0.97,-2.17
8-Oct,0.969354839,1.420454545,2.726363636,3.814090909,4.173181818,6.46,0.09,73.245,15.93,74.937,94.585,162654,6.5,0.97,-8.66
8-Nov,0.387666667,1.066666667,2.291666667,3.526666667,4.004444444,5.97,0.09,73.245,15.93,73.862,93.346,159205,6.8,0.97,-8.66
8-Dec,0.15516129,0.494545455,1.521818182,2.416363636,2.87,5.1,0.09,73.245,15.93,71.687,90.718,157093,7.3,0.97,-8.66
9-Jan,0.154193548,0.4445,1.5965,2.5175,3.128,5.1,2.72,77.105,15.06,69.811,88.468,158979,7.8,0.92,-4.49
9-Feb,0.222142857,0.622631579,1.871578947,2.87,3.586842105,5.07,2.72,77.105,15.06,69.306,87.936,157766,8.3,0.92,-4.49
9-Mar,0.180645161,0.644090909,1.815909091,2.819545455,3.643181818,4.85,2.72,77.105,15.06,68.139,86.55,155179,8.7,0.92,-4.49
9-Apr,0.150333333,0.547619048,1.858095238,2.927142857,3.76,4.78,2.72,80.28,15.06,67.529,85.86,155777,9,0.92,-0.58
9-May,0.177419355,0.5015,2.134,3.293,4.227,4.91,2.72,80.28,15.06,66.804,84.999,156911,9.4,0.92,-0.58
9-Jun,0.206333333,0.513636364,2.705909091,3.721818182,4.516363636,5.42,2.72,80.28,15.06,66.567,84.728,158240,9.5,0.92,-0.58
9-Jul,0.155806452,0.478636364,2.462727273,3.562272727,4.406818182,5.25,2.72,82.427,15.06,67.342,85.709,158582,9.5,0.92,1.46
9-Aug,0.160322581,0.459047619,2.570952381,3.587142857,4.370952381,5.14,2.72,82.427,15.06,68.1,86.633,160908,9.6,0.92,1.46
9-Sep,0.146666667,0.404761905,2.369047619,3.401904762,4.185714286,5.04,2.72,82.427,15.06,68.73,87.362,156817,9.8,0.92,1.46
9-Oct,0.118064516,0.374761905,2.332857143,3.387619048,4.188571429,5.03,2.72,84.029,15.06,68.959,87.549,157801,10,0.92,4.39
9-Nov,0.119,0.313157895,2.230526316,3.402631579,4.314736842,4.78,2.72,84.029,15.06,69.348,87.914,158527,9.9,0.92,4.39
9-Dec,0.118064516,0.371363636,2.340454545,3.59,4.493636364,5.14,2.72,84.029,15.06,69.716,88.232,159226,9.9,0.92,4.39
10-Jan,0.11,0.345789474,2.484210526,3.733157895,4.604736842,4.98,1.5,86.512,13.92,70.61,89.194,159109,9.8,0.87,1.54
10-Feb,0.126428571,0.345789474,2.363684211,3.691052632,4.619473684,5.05,1.5,86.512,13.92,71.002,89.509,159625,9.8,0.87,1.54
10-Mar,0.164516129,0.395652174,2.433043478,3.727391304,4.644782609,4.99,1.5,86.512,13.92,71.657,90.145,163034,9.9,0.87,1.54
10-Apr,0.198333333,0.445,2.581363636,3.846818182,4.693181818,5.06,1.5,88.128,13.92,72.077,90.474,164423,9.9,0.87,3.69
10-May,0.200645161,0.371,2.18,3.42,4.286,4.78,1.5,88.128,13.92,73.222,91.713,163033,9.6,0.87,3.69
10-Jun,0.176666667,0.318181818,1.996363636,3.204090909,4.127727273,4.69,1.5,88.128,13.92,73.547,91.929,162876,9.4,0.87,3.69
10-Jul,0.182580645,0.291428571,1.762857143,3.011428571,3.994285714,4.54,1.5,89.565,13.92,73.965,92.274,163068,9.4,0.87,2.95
10-Aug,0.189354839,0.259090909,1.465454545,2.698636364,3.803181818,4.36,1.5,89.565,13.92,74.365,92.615,163640,9.5,0.87,2.95
10-Sep,0.194666667,0.256666667,1.41047619,2.647619048,3.773333333,4.32,1.5,89.565,13.92,74.676,92.867,164767,9.5,0.87,2.95
10-Oct,0.191290323,0.228,1.1825,2.54,3.8725,4.23,1.5,91.611,13.92,74.563,92.614,165990,9.4,0.87,2.01
10-Nov,0.194333333,0.252,1.35,2.763,4.186,4.4,1.5,91.611,13.92,74.686,92.677,167220,9.8,0.87,2.01
10-Dec,0.183225806,0.294090909,1.934545455,3.290909091,4.417727273,4.86,1.5,91.611,13.92,75.462,93.574,167472,9.3,0.87,2.01
11-Jan,0.168387097,0.2735,1.9945,3.394,4.523,4.8,2.96,92.956,8.54,75.338,93.379,168195,9.1,0.87,-0.96
11-Feb,0.156785714,0.286315789,2.257894737,3.576315789,4.652105263,4.95,2.96,92.956,8.54,75.048,93.005,169025,9,0.87,-0.96
11-Mar,0.138709677,0.259130435,2.113478261,3.414347826,4.513913043,4.86,2.96,92.956,8.54,75.825,93.978,169730,9,0.87,-0.96
11-Apr,0.098,0.2465,2.169,3.455,4.5015,4.78,2.96,92.194,8.54,75.535,93.653,169723,9.1,0.87,2.86
11-May,0.093870968,0.188095238,1.842380952,3.168571429,4.293333333,4.6,2.96,92.194,8.54,75.596,93.788,169132,9,0.87,2.86
11-Jun,0.092,0.180909091,1.58,3.002272727,4.232727273,4.51,2.96,92.194,8.54,75.73,94.038,170515,9.1,0.87,2.86
11-Jul,0.070967742,0.185,1.541,3.003,4.2705,4.55,2.96,94.521,8.54,76.028,94.515,169904,9,0.87,-0.11
11-Aug,0.095806452,0.114782609,1.021304348,2.303043478,3.651304348,4.22,2.96,94.521,8.54,76.417,95.126,169761,9,0.87,-0.11
11-Sep,0.084,0.104761905,0.90047619,1.975238095,3.182380952,4.01,2.96,94.521,8.54,76.26,95.073,171122,9,0.87,-0.11
11-Oct,0.070645161,0.1145,1.0615,2.152,3.128,4.1,2.96,96.091,8.54,76.66,95.729,172041,8.8,0.87,4.64
11-Nov,0.081,0.112,0.908,2.0135,3.0155,3.98,2.96,96.091,8.54,76.54,95.746,172292,8.6,0.87,4.64
11-Dec,0.071612903,0.115238095,0.891428571,1.978095238,2.982380952,3.95,2.96,96.091,8.54,76.775,96.215,172335,8.5,0.87,4.64
12-Jan,0.081935484,0.115,0.835,1.9665,3.026,3.98,1.74,97.123,7.95,77.102,96.805,173647,8.3,0.88,3.13
12-Feb,0.103793103,0.161,0.831,1.9675,3.109,3.95,1.74,97.123,7.95,77.194,97.103,175354,8.3,0.88,3.13
12-Mar,0.126774194,0.19,1.017272727,2.172727273,3.281363636,3.99,1.74,97.123,7.95,76.647,96.597,175543,8.2,0.88,3.13
12-Apr,0.139333333,0.183333333,0.894761905,2.052857143,3.184285714,3.88,1.74,97.828,7.95,77.06,97.301,174633,8.2,0.88,1.72
12-May,0.155806452,0.191818182,0.761818182,1.803181818,2.930909091,3.75,1.74,97.828,7.95,77.08,97.505,174615,8.2,0.88,1.72
12-Jun,0.161666667,0.189047619,0.711428571,1.622380952,2.698095238,3.66,1.74,97.828,7.95,76.932,97.49,173090,8.2,0.88,1.72
12-Jul,0.156451613,0.185714286,0.61952381,1.526666667,2.59,3.49,1.74,98.448,7.95,76.983,97.723,173958,8.2,0.88,0.54
12-Aug,0.132258065,0.183478261,0.713913043,1.67826087,2.770869565,3.59,1.74,98.448,7.95,76.532,97.313,174970,8.1,0.88,0.54
12-Sep,0.144333333,0.175789474,0.668947368,1.723157895,2.881578947,3.4,1.74,98.448,7.95,76.352,97.241,175510,7.8,0.88,0.54
12-Oct,0.158387097,0.17952381,0.708571429,1.746190476,2.90047619,3.41,1.74,100.075,7.95,76.484,97.561,175089,7.8,0.88,0.46
12-Nov,0.160666667,0.1785,0.665,1.654,2.8035,3.32,1.74,100.075,7.95,76.681,97.959,176168,7.7,0.88,0.46
12-Dec,0.164516129,0.1585,0.696,1.719,2.8835,3.35,1.74,100.075,7.95,76.764,98.206,176879,7.9,0.88,0.46
13-Jan,0.142580645,0.145238095,0.805238095,1.914761905,3.08047619,3.53,1.5,100.856,4.4,76.654,98.199,178014,8,0.86,3.54
13-Feb,0.145,0.157368421,0.846315789,1.984210526,3.165263158,3.51,1.5,100.856,4.4,76.934,98.684,179183,7.7,0.86,3.54
13-Mar,0.143548387,0.1475,0.8185,1.9575,3.1625,3.57,1.5,100.856,4.4,77.167,99.099,178282,7.5,0.86,3.54
13-Apr,0.145,0.124545455,0.710454545,1.759090909,2.932727273,3.4,1.5,100.232,4.4,76.998,98.99,177748,7.6,0.86,0.49
13-May,0.109032258,0.118636364,0.840909091,1.928181818,3.112727273,3.81,1.5,100.232,4.4,76.99,99.078,178732,7.5,0.86,0.49
13-Jun,0.093666667,0.142,1.2035,2.3,3.4,4.46,1.5,100.232,4.4,77.027,99.214,178773,7.5,0.86,0.49
13-Jul,0.092580645,0.121818182,1.403181818,2.582272727,3.605,4.31,1.5,98.978,4.4,76.731,98.913,179691,7.3,0.86,3.13
13-Aug,0.082903226,0.126818182,1.520454545,2.737272727,3.757727273,4.51,1.5,98.978,4.4,77.122,99.489,178867,7.2,0.86,3.13
13-Sep,0.08,0.1185,1.596,2.8095,3.787,4.32,1.5,98.978,4.4,77.478,100.017,178922,7.2,0.86,3.13
13-Oct,0.087096774,0.121363636,1.366818182,2.615909091,3.675909091,4.1,1.5,100.134,4.4,77.34,99.904,179499,7.2,0.86,3.19
13-Nov,0.084333333,0.121578947,1.371052632,2.718421053,3.8,4.29,1.5,100.134,4.4,77.48,100.148,179704,6.9,0.86,3.19
13-Dec,0.08516129,0.132857143,1.576190476,2.901904762,3.889047619,4.48,1.5,100.134,4.4,77.593,100.358,180196,6.7,0.86,3.19
14-Jan,0.071612903,0.116190476,1.646666667,2.858095238,3.769047619,4.32,0.76,102.665,5.74,77.254,99.983,178184,6.6,0.83,-1.01
14-Feb,0.066428571,0.116842105,1.515789474,2.709473684,3.662631579,4.37,0.76,102.665,5.74,77.795,100.749,180434,6.7,0.83,-1.01
14-Mar,0.078064516,0.128095238,1.63952381,2.723333333,3.620952381,4.4,0.76,102.665,5.74,78.507,101.739,181956,6.7,0.83,-1.01
14-Apr,0.090333333,0.107619048,1.700952381,2.705238095,3.517619048,4.33,0.76,100.973,5.74,78.497,101.802,183385,6.2,0.83,5.02
14-May,0.087096774,0.096666667,1.592857143,2.559047619,3.39,4.12,0.76,100.973,5.74,78.749,102.212,183385,6.3,0.83,5.02
14-Jun,0.095666667,0.104761905,1.679047619,2.598571429,3.42,4.14,0.76,100.973,5.74,78.951,102.564,183609,6.1,0.83,5.02
14-Jul,0.090967742,0.111363636,1.699545455,2.542272727,3.331818182,4.12,0.76,100.456,5.74,79.09,102.843,183727,6.2,0.83,4.84
14-Aug,0.088064516,0.107142857,1.631428571,2.42,3.200952381,4.1,0.76,100.456,5.74,78.862,102.65,185124,6.1,0.83,4.84
14-Sep,0.088333333,0.10952381,1.773809524,2.534285714,3.26,4.2,0.76,100.456,5.74,79.027,102.965,184719,5.9,0.83,4.84
14-Oct,0.089032258,0.104545455,1.545909091,2.304090909,3.04,3.98,0.76,101.618,5.74,78.958,102.97,185428,5.7,0.83,1.89
14-Nov,0.092,0.134444444,1.620555556,2.325555556,3.038333333,3.97,0.76,101.618,5.74,79.374,103.602,186228,5.8,0.83,1.89
14-Dec,0.122580645,0.214545455,1.64,2.207272727,2.833181818,3.87,0.76,101.618,5.74,79.305,103.592,185686,5.6,0.83,1.89
15-Jan,0.11483871,0.1955,1.3745,1.8815,2.455,3.66,0.73,100.893,4.3,78.641,102.798,185900,5.7,0.8,3.29
15-Feb,0.110714286,0.224210526,1.472631579,1.975263158,2.566315789,3.8,0.73,100.893,4.3,78.109,102.155,185154,5.5,0.8,3.29
15-Mar,0.112903226,0.253636364,1.519090909,2.042727273,2.626363636,3.69,0.73,100.893,4.3,77.811,101.808,187363,5.4,0.8,3.29
15-Apr,0.124666667,0.233636364,1.354545455,1.935,2.585909091,3.68,0.73,99.771,4.3,77.342,101.229,187586,5.4,0.8,3.3
15-May,0.123225806,0.241,1.5385,2.1975,2.955,3.87,0.73,99.771,4.3,76.961,100.754,188268,5.6,0.8,3.3
15-Jun,0.129,0.275454545,1.683636364,2.363636364,3.111818182,4.02,0.73,99.771,4.3,76.723,100.453,187978,5.3,0.8,3.3
15-Jul,0.130322581,0.296818182,1.632272727,2.324545455,3.066363636,3.98,0.73,99.146,4.3,77.224,101.11,189151,5.2,0.8,0.96
15-Aug,0.138064516,0.375714286,1.541428571,2.167142857,2.855714286,3.84,0.73,99.146,4.3,77.052,100.88,189126,5.1,0.8,0.96
15-Sep,0.136,0.373333333,1.49,2.172857143,2.952857143,3.86,0.73,99.146,4.3,76.852,100.608,188846,5,0.8,0.96
15-Oct,0.123548387,0.263333333,1.385714286,2.07,2.888095238,3.76,0.73,103.219,4.3,76.511,100.151,188106,5,0.8,0.4
15-Nov,0.117666667,0.476842105,1.671052632,2.263157895,3.03,3.95,0.73,103.219,4.3,75.93,99.382,188653,5.1,0.8,0.4
15-Dec,0.240645161,0.653636364,1.698636364,2.242727273,2.97,4.01,0.73,103.219,4.3,75.534,98.857,189661,5,0.8,0.4
16-Jan,0.342903226,0.543157895,1.518421053,2.085263158,2.858421053,3.79,2.07,104.557,5.57,75.956,99.409,188354,4.8,0.8,1.54
16-Feb,0.375172414,0.534,1.222,1.7795,2.623,3.62,2.07,104.557,5.57,75.559,98.895,190613,4.9,0.8,1.54
16-Mar,0.362258065,0.656363636,1.375909091,1.889090909,2.684545455,3.71,2.07,104.557,5.57,74.973,98.139,189384,5,0.8,1.54
16-Apr,0.365333333,0.555714286,1.258095238,1.805238095,2.623333333,3.66,2.07,104.137,5.57,75.187,98.436,189272,5.1,0.8,2.26
16-May,0.36516129,0.591428571,1.30047619,1.806190476,2.627619048,3.64,2.07,104.137,5.57,74.995,98.21,189605,4.8,0.8,2.26
16-Jun,0.377666667,0.552272727,1.166363636,1.644090909,2.452272727,3.48,2.07,104.137,5.57,75.33,98.677,191085,4.9,0.8,2.26
16-Jul,0.391612903,0.5135,1.0715,1.504,2.227,3.48,2.07,104.25,5.57,75.427,98.837,190743,4.8,0.8,1.91
16-Aug,0.396774194,0.560404348,1.13076087,1.555443478,2.26056087,3.43,2.07,104.25,5.57,75.318,98.73,190673,4.9,0.8,1.91
16-Sep,0.396333333,0.5794,1.172090909,1.624822727,2.344527273,3.42,2.07,104.25,5.57,75.216,98.629,191454,5,0.8,1.91
16-Oct,0.396451613,0.641219048,1.266585714,1.753947619,2.497719048,3.47,2.07,105.318,5.57,75.259,98.713,191366,4.9,0.8,1.75
16-Nov,0.406666667,0.718281818,1.602195455,2.149286364,2.871945455,4.03,2.07,105.318,5.57,74.931,98.3,190969,4.7,0.8,1.75
16-Dec,0.54,0.842472727,1.954872727,2.489763636,3.113063636,4.32,2.07,105.318,5.57,75.388,98.906,193121,4.7,0.8,1.75
17-Jan,0.649677419,0.798154545,1.911995455,2.425409091,3.017181818,4.19,2.11,103.646,2.58,75.262,98.735,194317,4.7,0.79,1.77
17-Feb,0.656785714,0.795875,1.89502,2.41515,3.027755,4.16,2.11,103.646,2.58,75.038,98.418,194036,4.6,0.79,1.77
17-Mar,0.786129032,0.991873913,2.00896087,2.479121739,3.0825,4.14,2.11,103.646,2.58,75.567,99.073,193644,4.4,0.79,1.77
17-Apr,0.896,1.02213,1.813885,2.285515,2.935805,4.03,2.11,102.798,2.58,76.356,100.055,194165,4.4,0.79,2.96
17-May,0.907419355,1.109791304,1.830591304,2.297082609,2.956665217,3.95,2.11,102.798,2.58,76.472,100.139,193344,4.4,0.79,2.96
17-Jun,1.04,1.189231818,1.769836364,2.1847,2.795018182,3.88,2.11,102.798,2.58,76.669,100.315,193992,4.3,0.79,2.96
17-Jul,1.150645161,1.212634783,1.872128571,2.314871429,2.884509524,3.92,2.11,103.492,2.58,76.608,100.142,193920,4.3,0.79,2.79
17-Aug,1.157096774,1.217343478,1.770878261,2.2045,2.790869565,3.82,2.11,103.492,2.58,76.339,99.688,193547,4.4,0.79,2.79
17-Sep,1.153333333,1.261180952,1.789290476,2.19682381,2.774233333,3.83,2.11,103.492,2.58,76.494,99.783,196499,4.3,0.79,2.79
17-Oct,1.153870968,1.378272727,1.975231818,2.356177273,2.878663636,3.94,2.11,103.006,2.58,77.54,101.04,196605,4.2,0.79,2.27
17-Nov,1.156896552,1.551538095,2.048938095,2.352995238,2.801457143,3.9,2.11,103.006,2.58,77.763,101.226,198105,4.2,0.79,2.27
17-Dec,1.297666667,1.702518182,2.186154545,2.4062,2.769581818,3.99,2.11,103.006,2.58,77.962,101.388,199081,4.1,0.79,2.27
18-Jan,1.417241379,1.801427273,2.380295455,2.5821,2.876322727,4.15,1.91,104.635,7.23,77.997,101.345,197492,4,0.71,2.2
18-Feb,1.417407407,1.96407,2.600955,2.859745,3.13108,4.4,1.91,104.635,7.23,78.33,101.707,198214,4.1,0.71,2.2
18-Mar,1.506129032,2.062857143,2.62952381,2.842218182,3.091428571,4.44,1.91,104.635,7.23,78.815,102.279,197742,4,0.71,2.2
18-Apr,1.692333333,2.153809524,2.701904762,2.869047619,3.071904762,4.58,1.91,103.541,7.23,79.739,103.434,197759,4,0.71,4.1
18-May,1.7,2.273636364,2.816818182,2.977727273,3.131818182,4.56,1.91,103.541,7.23,79.018,102.474,199646,3.8,0.71,4.1
18-Jun,1.8016,2.328095238,2.775714286,2.912380952,3.05,4.55,1.91,103.541,7.23,79.622,103.251,198758,4,0.71,4.1
18-Jul,1.91,2.387619048,2.777619048,2.889047619,3.006666667,4.54,1.91,104.006,7.23,79.773,103.459,199980,3.8,0.71,3.31
18-Aug,1.914782609,2.445652174,2.767826087,2.889130435,3.04173913,4.52,1.91,104.006,7.23,80.307,104.18,199605,3.8,0.71,3.31
18-Sep,1.948947368,2.557894737,2.893684211,3.004210526,3.151052632,4.72,1.91,104.006,7.23,80.264,104.167,198430,3.7,0.71,3.31
18-Oct,2.188181818,2.651818182,3.000454545,3.152272727,3.339545455,4.86,1.91,105.547,7.23,80.13,104.048,200095,3.8,0.71,2.56
18-Nov,2.199,2.6985,2.947,3.117,3.361,4.81,1.91,105.547,7.23,80.012,103.96,200779,3.8,0.71,2.56
18-Dec,2.267,2.655263158,2.681578947,2.832631579,3.095789474,4.55,1.91,105.547,7.23,79.885,103.869,197321,3.9,0.71,2.56
19-Jan,2.4,2.57952381,2.536190476,2.713809524,3.035238095,4.46,2.29,104.829,5.59,79.359,103.268,198560,4,0.66,2.2944
19-Feb,2.4,2.550526316,2.487894737,2.676315789,3.023684211,4.35,2.29,104.829,5.59,78.945,102.816,198723,3.8,0.66,2.2944
19-Mar,2.403809524,2.490952381,2.372857143,2.570952381,2.977619048,4.06,2.29,104.829,5.59,78.94,102.9,200396,3.8,0.66,2.2944
19-Apr,2.423181818,2.424761905,2.333333333,2.532380952,2.94047619,4.2,2.29,103.53,5.59,78.469,102.383,200016,3.6,0.66,2.2944
19-May,2.392727273,2.340454545,2.187727273,2.395,2.817727273,3.99,2.29,103.53,5.59,78.538,102.576,200875,3.6,0.66,2.2944
19-Jun,2.3755,1.995,1.825,2.074,2.5745,3.73,2.29,103.53,5.59,78.469,102.593,201164,3.6,0.66,2.2944
19-Jul,2.402727273,1.962272727,1.828181818,2.059090909,2.572727273,3.75,2.29,105.515,5.59,78.086,102.201,202685,3.7,0.66,2.2944
19-Aug,2.125,1.772272727,1.486818182,1.626363636,2.119090909,3.58,2.29,105.515,5.59,78.538,102.909,203435,3.7,0.66,2.2944
19-Sep,2.0525,1.796,1.565,1.6995,2.158,3.64,2.29,105.515,5.59,78.203,102.579,201778,3.5,0.66,2.2944
19-Oct,1.83,1.608181818,1.525,1.706818182,2.190454545,3.78,2.29,106.887,5.59,77.514,101.778,201908,3.6,0.66,2.2944
19-Nov,1.552631579,1.567894737,1.639473684,1.812105263,2.280526316,3.68,2.29,106.887,5.59,77.688,102.098,202404,3.6,0.66,2.2944
19-Dec,1.550952381,1.549047619,1.682380952,1.862857143,2.297619048,3.74,2.29,106.887,5.59,77.374,101.763,203631,3.6,0.66,2.2944
20-Jan,1.551904762,1.532857143,1.562380952,1.757619048,2.216190476,3.51,1.36,107.827,19.6,76.977,101.303,202590,3.5,0.49,-2.7678
20-Feb,1.583684211,1.405789474,1.323684211,1.504210526,1.970526316,3.45,1.36,107.827,19.6,77.253,101.704,203150,3.5,0.49,-2.7678
20-Mar,0.625454545,0.331818182,0.591818182,0.87,1.455,3.5,1.36,107.827,19.6,74.333,97.875,185986,4.4,0.49,-2.7678
20-Apr,0.048636364,0.184285714,0.388095238,0.657619048,1.265238095,3.23,1.36,134.835,19.6,64.53,84.959,158936,14.7,0.49,-2.7678
20-May,0.05,0.1615,0.3395,0.674,1.378,3.15,1.36,134.835,19.6,65.599,86.335,188739,13.2,0.49,-2.7678
20-Jun,0.076818182,0.176363636,0.344545455,0.728636364,1.493636364,3.13,1.36,134.835,19.6,69.764,91.752,204144,11,0.49,-2.7678
20-Jul,0.093478261,0.145454545,0.278636364,0.623636364,1.310454545,2.99,1.36,126.135,19.6,72.493,95.244,207562,10.2,0.49,-2.7678
20-Aug,0.094761905,0.13047619,0.266666667,0.65,1.358095238,2.91,1.36,126.135,19.6,73.257,96.117,208194,8.4,0.49,-2.7678
20-Sep,0.09,0.127619048,0.26952381,0.67952381,1.422857143,2.9,1.36,126.135,19.6,73.53,95.844,212234,7.9,0.49,-2.7678
20-Oct,0.09,0.126666667,0.335714286,0.787142857,1.568571429,2.81,1.36,127.842,19.6,74.114,96.429,211216,6.9,0.49,-2.7678
20-Nov,0.086842105,0.117368421,0.387894737,0.87,1.615263158,2.72,1.36,127.842,19.6,74.593,96.856,208900,6.7,0.49,-2.7678
20-Dec,0.09,0.100454545,0.385909091,0.933636364,1.670454545,2.67,1.36,127.842,19.6,75.617,97.975,209971,6.7,0.49,-2.7678
21-Jan,0.085263158,0.100526316,0.445263158,1.081052632,1.824736842,2.73,7.04,126.077,6.74,76.414,98.784,216756,6.3,0.31,5.9455
21-Feb,0.075789474,0.072631579,0.542631579,1.257894737,2.042631579,2.97,7.04,126.077,6.74,73.941,95.374,210489,6.2,0.31,5.9455
21-Mar,0.069565217,0.075652174,0.823043478,1.610869565,2.339130435,3.17,7.04,126.077,6.74,76.25,98.135,232367,6.1,0.31,5.9455
21-Apr,0.068636364,0.060909091,0.861818182,1.635,2.299545455,2.98,7.04,123.788,6.74,76.538,98.289,232706,6.1,0.31,5.9455
21-May,0.0595,0.0505,0.8195,1.621,2.316,2.95,7.04,123.788,6.74,77.37,99.151,229239,5.8,0.31,5.9455
21-Jun,0.077272727,0.066818182,0.838636364,1.519090909,2.163636364,3.02,7.04,123.788,6.74,77.797,99.51,229751,5.9,0.31,5.9455
21-Jul,0.098571429,0.075714286,0.764285714,1.318571429,1.942857143,2.8,7.04,120.715,6.74,78.406,100.123,225340,5.4,0.31,5.9455
21-Aug,0.093181818,0.073636364,0.772272727,1.283181818,1.916363636,2.87,7.04,120.715,6.74,78.518,100.126,226356,5.2,0.31,5.9455
21-Sep,0.079047619,0.077142857,0.863809524,1.374761905,1.935714286,3.01,7.04,120.715,6.74,77.768,99.061,227022,4.8,0.31,5.9455
21-Oct,0.0795,0.113,1.106,1.5825,2.0595,3.14,7.04,121.636,6.74,78.806,100.305,228577,4.5,0.31,5.9455
21-Nov,0.0795,0.179,1.2025,1.5595,1.9355,3.1,7.04,121.636,6.74,79.549,101.197,229352,4.2,0.31,5.9455
21-Dec,0.079565217,0.299090909,1.229545455,1.465,1.847727273,3.11,7.04,121.636,6.74,79.324,100.886,226282,3.9,0.31,5.9455
22-Jan,0.08,0.5495,1.5385,1.764,2.0995,3.55,6.45,122.879,6.09,79.432,101.023,228150,4,0.38,2.0616
22-Feb,0.08,1.004210526,1.811578947,1.934210526,2.246315789,3.89,6.45,122.879,6.09,79.925,101.677,229631,3.8,0.38,2.0616
22-Mar,0.199565217,1.335217391,2.109130435,2.127826087,2.406521739,4.67,6.45,122.879,6.09,80.516,102.478,232040,3.6,0.38,2.0616
22-Apr,0.33,1.887,2.7775,2.7475,2.812,5.1,6.45,121.071,6.09,80.711,102.795,234190,3.6,0.38,2.0616
22-May,0.758571429,2.05952381,2.874285714,2.898095238,3.065714286,5.1,6.45,121.071,6.09,80.628,102.777,231716,3.6,0.38,2.0616
22-Jun,1.187142857,2.651428571,3.19,3.143333333,3.245714286,5.7,6.45,121.071,6.09,80.474,102.686,230896,3.6,0.38,2.0616
22-Jul,1.6545,3.0195,2.9635,2.896,3.1025,5.3,6.45,120.234,6.09,80.732,103.133,229079,3.5,0.38,2.0616
22-Aug,2.33,3.275217391,3.027391304,2.897826087,3.129565217,5.55,6.45,120.234,6.09,80.712,103.234,230428,3.7,0.38,2.0616
22-Sep,2.58,3.891904762,3.696666667,3.519047619,3.558095238,6.7,6.45,120.234,6.09,80.837,103.528,229443,3.5,0.38,2.0616
22-Oct,3.08,4.4275,4.178,3.9835,4.04,7.08,6.45,120.207,6.09,80.638,103.411,230714,3.7,0.38,2.0616
22-Nov,3.755,4.728,4.0555,3.891,3.999,6.58,6.45,120.207,6.09,80.263,103.071,227223,3.6,0.38,2.0616
22-Dec,4.091904762,4.681904762,3.764285714,3.616190476,3.659047619,6.42,6.45,120.207,6.09,78.92,101.485,225298,3.5,0.38,2.0616
